basin,model,n_lags,n_estimators,max_depth,n_train,n_test,train_start,train_end,test_start,test_end,split_date,rmse_cm,mae_cm,pearson_r,nse,r2
HyBas_1030000010_C_West_Red_Sea_Coast_Lev3_quartdeg,random_forest_own_lags_deseasonalized,12,300,,193,52,2003-07-16 12:00:00,2022-01-16 12:00:00,2022-02-15,2026-05-16 12:00:00,2022-02-15,2.0243647700620016,1.4772709971749665,0.07015287053965537,-0.14031147097243357,-0.14031147097243357
HyBas_1030003990_C_South_Gulf_of_Aden_Coast_Lev3_quartdeg,random_forest_own_lags_deseasonalized,12,300,,193,52,2003-07-16 12:00:00,2022-01-16 12:00:00,2022-02-15,2026-05-16 12:00:00,2022-02-15,2.168941431853404,1.6240169352493363,0.5088907154168001,0.2572558155269219,0.2572558155269219
HyBas_1030008100_R_Shebelli_Juba_Rivers_Lev3_quartdeg,random_forest_own_lags_deseasonalized,12,300,,193,52,2003-07-16 12:00:00,2022-01-16 12:00:00,2022-02-15,2026-05-16 12:00:00,2022-02-15,5.191538822070985,4.069186670626495,0.7028536615460383,-0.06365874606311706,-0.06365874606311706
HyBas_1030011530_C_South_Zambezia_Coast_Lev3_quartdeg,random_forest_own_lags_deseasonalized,12,300,,193,52,2003-07-16 12:00:00,2022-01-16 12:00:00,2022-02-15,2026-05-16 12:00:00,2022-02-15,4.536812627258231,3.434624682902793,0.39685996792305483,-0.16399493993485614,-0.16399493993485614
HyBas_1030011660_R_Zambezi_River_Lev3_quartdeg,random_forest_own_lags_deseasonalized,12,300,,193,52,2003-07-16 12:00:00,2022-01-16 12:00:00,2022-02-15,2026-05-16 12:00:00,2022-02-15,3.2280024691549873,2.6632606531866907,0.8878253563837087,0.7651524999782533,0.7651524999782533
HyBas_1030011670_C_Indian_Ocean_Africa_Coast_Lev3_quartdeg,random_forest_own_lags_deseasonalized,12,300,,193,52,2003-07-16 12:00:00,2022-01-16 12:00:00,2022-02-15,2026-05-16 12:00:00,2022-02-15,3.333339991139542,2.731758621574933,0.675770396785444,0.43705559723390486,0.43705559723390486
HyBas_1030012590_R_Limpopo_River_Lev3_quartdeg,random_forest_own_lags_deseasonalized,12,300,,193,52,2003-07-16 12:00:00,2022-01-16 12:00:00,2022-02-15,2026-05-16 12:00:00,2022-02-15,5.281166315893155,3.349490378894106,0.6542780882907899,0.22192472934500407,0.22192472934500407
HyBas_1030012600_C_South_Africa_South_Coast_Lev3_quartdeg,random_forest_own_lags_deseasonalized,12,300,,193,52,2003-07-16 12:00:00,2022-01-16 12:00:00,2022-02-15,2026-05-16 12:00:00,2022-02-15,2.7894742507875723,2.306298635852256,0.5084806043008032,-1.023253249546387,-1.023253249546387
HyBas_1030015030_C_South_Africa_West_Coast_Lev3_quartdeg,random_forest_own_lags_deseasonalized,12,300,,193,52,2003-07-16 12:00:00,2022-01-16 12:00:00,2022-02-15,2026-05-16 12:00:00,2022-02-15,2.199304377696959,1.6993352316958652,0.29911762538564823,-0.2003097997376282,-0.2003097997376282
HyBas_1030015850_R_Orange_River_Lev3_quartdeg,random_forest_own_lags_deseasonalized,12,300,,193,52,2003-07-16 12:00:00,2022-01-16 12:00:00,2022-02-15,2026-05-16 12:00:00,2022-02-15,2.1785874929423508,1.757748694062304,0.7863168380380843,0.44524796359494456,0.44524796359494456
HyBas_1030015860_C_Namibia_Coast_Lev3_quartdeg,random_forest_own_lags_deseasonalized,12,300,,193,52,2003-07-16 12:00:00,2022-01-16 12:00:00,2022-02-15,2026-05-16 12:00:00,2022-02-15,2.0485393604298276,1.514880858482533,0.4017217645062061,-0.0027291093124712784,-0.0027291093124712784
HyBas_1030018110_C_Angola_Coast_Lev3_quartdeg,random_forest_own_lags_deseasonalized,12,300,,193,52,2003-07-16 12:00:00,2022-01-16 12:00:00,2022-02-15,2026-05-16 12:00:00,2022-02-15,3.511354266906771,2.7641814216638343,0.6866485233597592,0.4446970664640617,0.4446970664640617
HyBas_1030020040_R_Congo_River_Lev3_quartdeg,random_forest_own_lags_deseasonalized,12,300,,193,52,2003-07-16 12:00:00,2022-01-16 12:00:00,2022-02-15,2026-05-16 12:00:00,2022-02-15,3.5989253321519024,2.8272594674168774,0.6534141915943583,0.12707563422975954,0.12707563422975954
HyBas_1030020050_C_Gulf_of_Guinea_Coast_Lev3_quartdeg,random_forest_own_lags_deseasonalized,12,300,,193,52,2003-07-16 12:00:00,2022-01-16 12:00:00,2022-02-15,2026-05-16 12:00:00,2022-02-15,3.00993135887038,2.38189630019905,0.6046217462891376,0.3356173853531704,0.3356173853531704
HyBas_1030021940_C_Nigerian_Delta_Lev3_quartdeg,random_forest_own_lags_deseasonalized,12,300,,193,52,2003-07-16 12:00:00,2022-01-16 12:00:00,2022-02-15,2026-05-16 12:00:00,2022-02-15,3.790913315618789,2.7861391499712016,0.22422858156631825,-0.123219870326025,-0.123219870326025
HyBas_1030022420_R_Niger_River_Lev3_quartdeg,random_forest_own_lags_deseasonalized,12,300,,193,52,2003-07-16 12:00:00,2022-01-16 12:00:00,2022-02-15,2026-05-16 12:00:00,2022-02-15,4.51805474511043,3.555914128066462,0.5917084562077668,-0.9638468399451607,-0.9638468399451607
HyBas_1030022430_C_Bight_of_Benin_Coast_Lev3_quartdeg,random_forest_own_lags_deseasonalized,12,300,,193,52,2003-07-16 12:00:00,2022-01-16 12:00:00,2022-02-15,2026-05-16 12:00:00,2022-02-15,5.536728204918483,4.272526534889389,0.4860609707874708,-0.17299735207054234,-0.17299735207054234
HyBas_1030023300_R_Volta_River_Lev3_quartdeg,random_forest_own_lags_deseasonalized,12,300,,193,52,2003-07-16 12:00:00,2022-01-16 12:00:00,2022-02-15,2026-05-16 12:00:00,2022-02-15,3.775409249923214,3.0727641407696655,0.022981629965371092,-1.2529923851873086,-1.2529923851873086
HyBas_1030023310_C_West_Africa_Coast_Lev3_quartdeg,random_forest_own_lags_deseasonalized,12,300,,193,52,2003-07-16 12:00:00,2022-01-16 12:00:00,2022-02-15,2026-05-16 12:00:00,2022-02-15,3.093113785289845,2.4607267061833484,0.5406281813496798,-0.7091859517510628,-0.7091859517510628
HyBas_1030027410_R_Senegal_River_Lev3_quartdeg,random_forest_own_lags_deseasonalized,12,300,,193,52,2003-07-16 12:00:00,2022-01-16 12:00:00,2022-02-15,2026-05-16 12:00:00,2022-02-15,2.761627961659468,2.2932186456833064,0.7070589588912524,0.06908674543866533,0.06908674543866533
HyBas_1030027430_C_North_West_Africa_Coast_Lev3_quartdeg,random_forest_own_lags_deseasonalized,12,300,,193,52,2003-07-16 12:00:00,2022-01-16 12:00:00,2022-02-15,2026-05-16 12:00:00,2022-02-15,1.4771461446723908,1.1797147296961716,-0.1651535820977721,-0.31855336147463476,-0.31855336147463476
HyBas_1030029810_C_Southwest_Mediterranean_Coast_Lev3_quartdeg,random_forest_own_lags_deseasonalized,12,300,,193,52,2003-07-16 12:00:00,2022-01-16 12:00:00,2022-02-15,2026-05-16 12:00:00,2022-02-15,2.9284612723502748,2.373981171901948,0.01767058894947486,-0.9099394913526784,-0.9099394913526784
HyBas_1030031860_C_South_Mediterranean_Coast_Lev3_quartdeg,random_forest_own_lags_deseasonalized,12,300,,193,52,2003-07-16 12:00:00,2022-01-16 12:00:00,2022-02-15,2026-05-16 12:00:00,2022-02-15,1.7138888596631312,1.317924332841775,0.012295399926108078,-0.5348447594842152,-0.5348447594842152
HyBas_1030034170_C_West_Nile_Delta_Lev3_quartdeg,random_forest_own_lags_deseasonalized,12,300,,193,52,2003-07-16 12:00:00,2022-01-16 12:00:00,2022-02-15,2026-05-16 12:00:00,2022-02-15,2.1132565794479286,1.5166074719678355,0.3262716731267983,0.02769927294251484,0.02769927294251484
HyBas_1030034260_R_Nile_River_Lev3_quartdeg,random_forest_own_lags_deseasonalized,12,300,,193,52,2003-07-16 12:00:00,2022-01-16 12:00:00,2022-02-15,2026-05-16 12:00:00,2022-02-15,5.14603572321586,4.03245036869642,0.0856483479083165,-1.1434556400122475,-1.1434556400122475
HyBas_1030034270_C_East_Nile_Delta_Lev3_quartdeg,random_forest_own_lags_deseasonalized,12,300,,193,52,2003-07-16 12:00:00,2022-01-16 12:00:00,2022-02-15,2026-05-16 12:00:00,2022-02-15,2.795911568800706,1.9964979871639164,0.15221496606353002,-0.12232442870752114,-0.12232442870752114
HyBas_1030035180_C_Madagascar_Lev3_quartdeg,random_forest_own_lags_deseasonalized,12,300,,193,52,2003-07-16 12:00:00,2022-01-16 12:00:00,2022-02-15,2026-05-16 12:00:00,2022-02-15,3.650334373249274,2.8653542346412815,0.4837489361322791,-0.03881573249400061,-0.03881573249400061
HyBas_1030040190_E_Lower_Lake_Chad_Lev3_quartdeg,random_forest_own_lags_deseasonalized,12,300,,193,52,2003-07-16 12:00:00,2022-01-16 12:00:00,2022-02-15,2026-05-16 12:00:00,2022-02-15,12.484760140466625,10.580128068566152,0.5921558375377702,-1.9922006063969757,-1.9922006063969757
HyBas_1030040200_E_South_Interior_Africa_Lev3_quartdeg,random_forest_own_lags_deseasonalized,12,300,,193,52,2003-07-16 12:00:00,2022-01-16 12:00:00,2022-02-15,2026-05-16 12:00:00,2022-02-15,2.704161338882657,2.079281808132475,0.8206801965382036,0.6529680487740397,0.6529680487740397
HyBas_1030040210_E_Upper_Lake_Chad_Lev3_quartdeg,random_forest_own_lags_deseasonalized,12,300,,193,52,2003-07-16 12:00:00,2022-01-16 12:00:00,2022-02-15,2026-05-16 12:00:00,2022-02-15,3.1791369902415965,2.4101655252782312,0.47343035208522716,-0.4528989509658954,-0.4528989509658954
HyBas_1030040220_E_Libyian_Desert_Lev3_quartdeg,random_forest_own_lags_deseasonalized,12,300,,193,52,2003-07-16 12:00:00,2022-01-16 12:00:00,2022-02-15,2026-05-16 12:00:00,2022-02-15,1.5415905863090618,1.271488769615266,-0.015439736619689165,-1.1933391698388296,-1.1933391698388296
HyBas_1030040250_E_Egyptian_Western_Desert_Lev3_quartdeg,random_forest_own_lags_deseasonalized,12,300,,193,52,2003-07-16 12:00:00,2022-01-16 12:00:00,2022-02-15,2026-05-16 12:00:00,2022-02-15,1.4984620450756039,1.1336035993922318,0.03287102702531949,-0.17032541252946687,-0.17032541252946687
HyBas_1030040260_E_Rift_Valley_Lev3_quartdeg,random_forest_own_lags_deseasonalized,12,300,,193,52,2003-07-16 12:00:00,2022-01-16 12:00:00,2022-02-15,2026-05-16 12:00:00,2022-02-15,3.1018214309677408,2.467329730481553,0.6905702225595749,0.44280387057458526,0.44280387057458526
HyBas_1030040280_E_Northern_Kordofan_Lev3_quartdeg,random_forest_own_lags_deseasonalized,12,300,,193,52,2003-07-16 12:00:00,2022-01-16 12:00:00,2022-02-15,2026-05-16 12:00:00,2022-02-15,3.7197177827704992,2.7574812726506086,0.5127744313902314,-0.23181120968851343,-0.23181120968851343
HyBas_1030040300_E_Saharan_and_Algerian_Atlas_Lev3_quartdeg,random_forest_own_lags_deseasonalized,12,300,,193,52,2003-07-16 12:00:00,2022-01-16 12:00:00,2022-02-15,2026-05-16 12:00:00,2022-02-15,2.6013562835573367,2.308605784712321,0.5577409818518292,-2.537770787528608,-2.537770787528608
HyBas_1030040310_E_Sahara_Lev3_quartdeg,random_forest_own_lags_deseasonalized,12,300,,193,52,2003-07-16 12:00:00,2022-01-16 12:00:00,2022-02-15,2026-05-16 12:00:00,2022-02-15,0.84238177166161,0.7086218084908792,-0.012773973595237534,-0.15565010969688697,-0.15565010969688697
HyBas_1030040370_E_Lake_Rukwa_Basin_Lev3_quartdeg,random_forest_own_lags_deseasonalized,12,300,,193,52,2003-07-16 12:00:00,2022-01-16 12:00:00,2022-02-15,2026-05-16 12:00:00,2022-02-15,15.059031543088645,12.968952425159564,0.4308449320408272,-0.27306713631006874,-0.27306713631006874
