basin,model,n_lags,n_estimators,max_depth,n_train,n_test,train_start,train_end,test_start,test_end,rmse_cm,mae_cm,pearson_r,nse,r2
HyBas_1030000010_C_West_Red_Sea_Coast_Lev3_quartdeg,random_forest_own_lags,12,300,,196,49,2003-07-16 12:00:00,2022-04-16,2022-05-16 12:00:00,2026-05-16 12:00:00,2.4277029270156234,1.9224597461221689,0.44350526790401307,0.09272543006853651,0.09272543006853651
HyBas_1030003990_C_South_Gulf_of_Aden_Coast_Lev3_quartdeg,random_forest_own_lags,12,300,,196,49,2003-07-16 12:00:00,2022-04-16,2022-05-16 12:00:00,2026-05-16 12:00:00,2.3140266039846793,1.606557620994797,0.4978900523861477,0.23682466308291505,0.23682466308291505
HyBas_1030008100_R_Shebelli_Juba_Rivers_Lev3_quartdeg,random_forest_own_lags,12,300,,196,49,2003-07-16 12:00:00,2022-04-16,2022-05-16 12:00:00,2026-05-16 12:00:00,4.9350483323392105,3.4561109814189725,0.6362454907937944,0.09736030198497148,0.09736030198497148
HyBas_1030011530_C_South_Zambezia_Coast_Lev3_quartdeg,random_forest_own_lags,12,300,,196,49,2003-07-16 12:00:00,2022-04-16,2022-05-16 12:00:00,2026-05-16 12:00:00,5.020461453974339,3.747664758659346,0.7670226221912767,0.5286598551562676,0.5286598551562676
HyBas_1030011660_R_Zambezi_River_Lev3_quartdeg,random_forest_own_lags,12,300,,196,49,2003-07-16 12:00:00,2022-04-16,2022-05-16 12:00:00,2026-05-16 12:00:00,4.122766438133538,3.2669848648183573,0.944904761816055,0.8742763641853852,0.8742763641853852
HyBas_1030011670_C_Indian_Ocean_Africa_Coast_Lev3_quartdeg,random_forest_own_lags,12,300,,196,49,2003-07-16 12:00:00,2022-04-16,2022-05-16 12:00:00,2026-05-16 12:00:00,3.5383147693288346,2.63592290848606,0.8745127033989601,0.744673825180004,0.744673825180004
HyBas_1030012590_R_Limpopo_River_Lev3_quartdeg,random_forest_own_lags,12,300,,196,49,2003-07-16 12:00:00,2022-04-16,2022-05-16 12:00:00,2026-05-16 12:00:00,6.27001943059717,3.6679180423974964,0.7377034960949718,0.2863921047176433,0.2863921047176433
HyBas_1030012600_C_South_Africa_South_Coast_Lev3_quartdeg,random_forest_own_lags,12,300,,196,49,2003-07-16 12:00:00,2022-04-16,2022-05-16 12:00:00,2026-05-16 12:00:00,2.9920910963009795,2.448014202275531,0.48381028304858215,-0.9928974523486342,-0.9928974523486342
HyBas_1030015030_C_South_Africa_West_Coast_Lev3_quartdeg,random_forest_own_lags,12,300,,196,49,2003-07-16 12:00:00,2022-04-16,2022-05-16 12:00:00,2026-05-16 12:00:00,2.772644487399585,2.196231084484642,0.24567151445901012,-0.4858915967385953,-0.4858915967385953
HyBas_1030015850_R_Orange_River_Lev3_quartdeg,random_forest_own_lags,12,300,,196,49,2003-07-16 12:00:00,2022-04-16,2022-05-16 12:00:00,2026-05-16 12:00:00,2.0037702456156032,1.5470333997184162,0.7797059215239304,0.566079208180328,0.566079208180328
HyBas_1030015860_C_Namibia_Coast_Lev3_quartdeg,random_forest_own_lags,12,300,,196,49,2003-07-16 12:00:00,2022-04-16,2022-05-16 12:00:00,2026-05-16 12:00:00,1.66228182053174,1.3346148148253347,0.5008504514739219,0.19779390247962902,0.19779390247962902
HyBas_1030018110_C_Angola_Coast_Lev3_quartdeg,random_forest_own_lags,12,300,,196,49,2003-07-16 12:00:00,2022-04-16,2022-05-16 12:00:00,2026-05-16 12:00:00,4.569958507886601,3.502820394693613,0.8434306256082343,0.6696797040190972,0.6696797040190972
HyBas_1030020040_R_Congo_River_Lev3_quartdeg,random_forest_own_lags,12,300,,196,49,2003-07-16 12:00:00,2022-04-16,2022-05-16 12:00:00,2026-05-16 12:00:00,4.384781982278191,3.322805265921549,0.7434459777384016,0.3900019966047289,0.3900019966047289
HyBas_1030020050_C_Gulf_of_Guinea_Coast_Lev3_quartdeg,random_forest_own_lags,12,300,,196,49,2003-07-16 12:00:00,2022-04-16,2022-05-16 12:00:00,2026-05-16 12:00:00,3.3051235342167193,2.6513765443619493,0.8332251246993477,0.6837978939496305,0.6837978939496305
HyBas_1030021940_C_Nigerian_Delta_Lev3_quartdeg,random_forest_own_lags,12,300,,196,49,2003-07-16 12:00:00,2022-04-16,2022-05-16 12:00:00,2026-05-16 12:00:00,5.369475717688365,3.573269506501394,0.9631652106636249,0.895191566592412,0.895191566592412
HyBas_1030022420_R_Niger_River_Lev3_quartdeg,random_forest_own_lags,12,300,,196,49,2003-07-16 12:00:00,2022-04-16,2022-05-16 12:00:00,2026-05-16 12:00:00,4.408218068114245,3.595684358054313,0.9161569512909167,0.6294579714203051,0.6294579714203051
HyBas_1030022430_C_Bight_of_Benin_Coast_Lev3_quartdeg,random_forest_own_lags,12,300,,196,49,2003-07-16 12:00:00,2022-04-16,2022-05-16 12:00:00,2026-05-16 12:00:00,6.894592971112947,4.534111978981352,0.8837637945995359,0.6616768112768658,0.6616768112768658
HyBas_1030023300_R_Volta_River_Lev3_quartdeg,random_forest_own_lags,12,300,,196,49,2003-07-16 12:00:00,2022-04-16,2022-05-16 12:00:00,2026-05-16 12:00:00,4.690411934277931,3.394792181769661,0.924639124789179,0.7008821483370296,0.7008821483370296
HyBas_1030023310_C_West_Africa_Coast_Lev3_quartdeg,random_forest_own_lags,12,300,,196,49,2003-07-16 12:00:00,2022-04-16,2022-05-16 12:00:00,2026-05-16 12:00:00,4.767224304665855,3.6042596557267856,0.9602942310463409,0.8188918841321033,0.8188918841321033
HyBas_1030027410_R_Senegal_River_Lev3_quartdeg,random_forest_own_lags,12,300,,196,49,2003-07-16 12:00:00,2022-04-16,2022-05-16 12:00:00,2026-05-16 12:00:00,4.683659508221363,3.4557952981437876,0.9006151803978513,0.4731469229853633,0.4731469229853633
HyBas_1030027430_C_North_West_Africa_Coast_Lev3_quartdeg,random_forest_own_lags,12,300,,196,49,2003-07-16 12:00:00,2022-04-16,2022-05-16 12:00:00,2026-05-16 12:00:00,1.2661489762104343,1.0825115374828687,0.12899232424217508,-0.061186433613072966,-0.061186433613072966
HyBas_1030029810_C_Southwest_Mediterranean_Coast_Lev3_quartdeg,random_forest_own_lags,12,300,,196,49,2003-07-16 12:00:00,2022-04-16,2022-05-16 12:00:00,2026-05-16 12:00:00,2.6800778681781314,2.170006684021308,-0.00689258258576414,-0.5823729733300473,-0.5823729733300473
HyBas_1030031860_C_South_Mediterranean_Coast_Lev3_quartdeg,random_forest_own_lags,12,300,,196,49,2003-07-16 12:00:00,2022-04-16,2022-05-16 12:00:00,2026-05-16 12:00:00,1.474762879466817,1.1656641583536083,-0.31621660093438153,-0.37169738755873327,-0.37169738755873327
HyBas_1030034170_C_West_Nile_Delta_Lev3_quartdeg,random_forest_own_lags,12,300,,196,49,2003-07-16 12:00:00,2022-04-16,2022-05-16 12:00:00,2026-05-16 12:00:00,2.2836713999423286,1.687859977929772,0.23831264572421548,-0.024385800615095432,-0.024385800615095432
HyBas_1030034260_R_Nile_River_Lev3_quartdeg,random_forest_own_lags,12,300,,196,49,2003-07-16 12:00:00,2022-04-16,2022-05-16 12:00:00,2026-05-16 12:00:00,4.5021003329899605,3.3016665123115425,0.7632545642608091,0.2693742614143356,0.2693742614143356
HyBas_1030034270_C_East_Nile_Delta_Lev3_quartdeg,random_forest_own_lags,12,300,,196,49,2003-07-16 12:00:00,2022-04-16,2022-05-16 12:00:00,2026-05-16 12:00:00,2.981269741311689,2.054606674039318,0.18707536228569413,-0.12976803191583586,-0.12976803191583586
HyBas_1030035180_C_Madagascar_Lev3_quartdeg,random_forest_own_lags,12,300,,196,49,2003-07-16 12:00:00,2022-04-16,2022-05-16 12:00:00,2026-05-16 12:00:00,4.16227780210478,3.1300399879916982,0.881418528893116,0.7634522034425612,0.7634522034425612
HyBas_1030040190_E_Lower_Lake_Chad_Lev3_quartdeg,random_forest_own_lags,12,300,,196,49,2003-07-16 12:00:00,2022-04-16,2022-05-16 12:00:00,2026-05-16 12:00:00,9.989161275480756,7.618880847002573,0.8164777005009503,0.1995702468501489,0.1995702468501489
HyBas_1030040200_E_South_Interior_Africa_Lev3_quartdeg,random_forest_own_lags,12,300,,196,49,2003-07-16 12:00:00,2022-04-16,2022-05-16 12:00:00,2026-05-16 12:00:00,2.6909994548596363,2.1640636565101414,0.9095378953927563,0.8107308919949795,0.8107308919949795
HyBas_1030040210_E_Upper_Lake_Chad_Lev3_quartdeg,random_forest_own_lags,12,300,,196,49,2003-07-16 12:00:00,2022-04-16,2022-05-16 12:00:00,2026-05-16 12:00:00,3.5357196205850756,2.745215067845408,-0.015502530203853136,-0.6751508239173545,-0.6751508239173545
HyBas_1030040220_E_Libyian_Desert_Lev3_quartdeg,random_forest_own_lags,12,300,,196,49,2003-07-16 12:00:00,2022-04-16,2022-05-16 12:00:00,2026-05-16 12:00:00,1.481199404093391,1.2372297987046643,0.021058640090020675,-0.8935461146478467,-0.8935461146478467
HyBas_1030040250_E_Egyptian_Western_Desert_Lev3_quartdeg,random_forest_own_lags,12,300,,196,49,2003-07-16 12:00:00,2022-04-16,2022-05-16 12:00:00,2026-05-16 12:00:00,1.5047484834681166,1.079802274962424,-0.07640766507692341,-0.24540279383014707,-0.24540279383014707
HyBas_1030040260_E_Rift_Valley_Lev3_quartdeg,random_forest_own_lags,12,300,,196,49,2003-07-16 12:00:00,2022-04-16,2022-05-16 12:00:00,2026-05-16 12:00:00,3.2694753214872407,2.4529118201449966,0.6584467073161908,0.3543358847752708,0.3543358847752708
HyBas_1030040280_E_Northern_Kordofan_Lev3_quartdeg,random_forest_own_lags,12,300,,196,49,2003-07-16 12:00:00,2022-04-16,2022-05-16 12:00:00,2026-05-16 12:00:00,3.9915398540664886,2.9019918839607532,0.3442149993682263,-0.29347229899568017,-0.29347229899568017
HyBas_1030040300_E_Saharan_and_Algerian_Atlas_Lev3_quartdeg,random_forest_own_lags,12,300,,196,49,2003-07-16 12:00:00,2022-04-16,2022-05-16 12:00:00,2026-05-16 12:00:00,2.4260958631753775,2.0718026225300856,0.48579259938469266,-1.8907752803355096,-1.8907752803355096
HyBas_1030040310_E_Sahara_Lev3_quartdeg,random_forest_own_lags,12,300,,196,49,2003-07-16 12:00:00,2022-04-16,2022-05-16 12:00:00,2026-05-16 12:00:00,0.8523841794337207,0.6755349053517437,-0.0238380466547677,-0.3488462820135674,-0.3488462820135674
HyBas_1030040370_E_Lake_Rukwa_Basin_Lev3_quartdeg,random_forest_own_lags,12,300,,196,49,2003-07-16 12:00:00,2022-04-16,2022-05-16 12:00:00,2026-05-16 12:00:00,14.625892489303212,12.525673527160281,0.6712314887039568,0.3357655724969719,0.3357655724969719
