basin,model,n_lags,alpha,n_train,n_test,train_start,train_end,test_start,test_end,split_date,rmse_cm,mae_cm,pearson_r,nse,r2
HyBas_1030000010_C_West_Red_Sea_Coast_Lev3_quartdeg,ridge_own_lags_deseasonalized,12,1.0,193,52,2003-07-16 12:00:00,2022-01-16 12:00:00,2022-02-15,2026-05-16 12:00:00,2022-02-15,2.2814815974655613,1.8153024013987962,-0.13201950269839446,-0.4483712379230238,-0.4483712379230238
HyBas_1030003990_C_South_Gulf_of_Aden_Coast_Lev3_quartdeg,ridge_own_lags_deseasonalized,12,1.0,193,52,2003-07-16 12:00:00,2022-01-16 12:00:00,2022-02-15,2026-05-16 12:00:00,2022-02-15,2.2062796768384914,1.6265567677481525,0.5198086579357011,0.23146307335650318,0.23146307335650318
HyBas_1030008100_R_Shebelli_Juba_Rivers_Lev3_quartdeg,ridge_own_lags_deseasonalized,12,1.0,193,52,2003-07-16 12:00:00,2022-01-16 12:00:00,2022-02-15,2026-05-16 12:00:00,2022-02-15,3.404824900950292,2.0475732274772773,0.7649950177142092,0.54249097195246,0.54249097195246
HyBas_1030011530_C_South_Zambezia_Coast_Lev3_quartdeg,ridge_own_lags_deseasonalized,12,1.0,193,52,2003-07-16 12:00:00,2022-01-16 12:00:00,2022-02-15,2026-05-16 12:00:00,2022-02-15,4.2124655178619586,3.341346453768265,0.43837545962918345,-0.0035109691568473433,-0.0035109691568473433
HyBas_1030011660_R_Zambezi_River_Lev3_quartdeg,ridge_own_lags_deseasonalized,12,1.0,193,52,2003-07-16 12:00:00,2022-01-16 12:00:00,2022-02-15,2026-05-16 12:00:00,2022-02-15,3.013843889857114,2.2807300588750015,0.8941467024587288,0.7952802553611372,0.7952802553611372
HyBas_1030011670_C_Indian_Ocean_Africa_Coast_Lev3_quartdeg,ridge_own_lags_deseasonalized,12,1.0,193,52,2003-07-16 12:00:00,2022-01-16 12:00:00,2022-02-15,2026-05-16 12:00:00,2022-02-15,2.9904657779093373,2.255118003415903,0.7444611618073192,0.5469105461504706,0.5469105461504706
HyBas_1030012590_R_Limpopo_River_Lev3_quartdeg,ridge_own_lags_deseasonalized,12,1.0,193,52,2003-07-16 12:00:00,2022-01-16 12:00:00,2022-02-15,2026-05-16 12:00:00,2022-02-15,3.3543051395818253,2.5579535155516933,0.8543502265061418,0.6861175321621519,0.6861175321621519
HyBas_1030012600_C_South_Africa_South_Coast_Lev3_quartdeg,ridge_own_lags_deseasonalized,12,1.0,193,52,2003-07-16 12:00:00,2022-01-16 12:00:00,2022-02-15,2026-05-16 12:00:00,2022-02-15,1.748805044473945,1.4312477603556244,0.5955665778216577,0.2047781077798292,0.2047781077798292
HyBas_1030015030_C_South_Africa_West_Coast_Lev3_quartdeg,ridge_own_lags_deseasonalized,12,1.0,193,52,2003-07-16 12:00:00,2022-01-16 12:00:00,2022-02-15,2026-05-16 12:00:00,2022-02-15,2.139812050086315,1.488431652175809,0.22724905730003467,-0.13625009410819167,-0.13625009410819167
HyBas_1030015850_R_Orange_River_Lev3_quartdeg,ridge_own_lags_deseasonalized,12,1.0,193,52,2003-07-16 12:00:00,2022-01-16 12:00:00,2022-02-15,2026-05-16 12:00:00,2022-02-15,1.8136416115262357,1.451168061562346,0.8141513843329827,0.6155394029387717,0.6155394029387717
HyBas_1030015860_C_Namibia_Coast_Lev3_quartdeg,ridge_own_lags_deseasonalized,12,1.0,193,52,2003-07-16 12:00:00,2022-01-16 12:00:00,2022-02-15,2026-05-16 12:00:00,2022-02-15,1.9036269214273727,1.449139546840547,0.4315010872239816,0.1341180767834056,0.1341180767834056
HyBas_1030018110_C_Angola_Coast_Lev3_quartdeg,ridge_own_lags_deseasonalized,12,1.0,193,52,2003-07-16 12:00:00,2022-01-16 12:00:00,2022-02-15,2026-05-16 12:00:00,2022-02-15,3.5237744921533705,2.8440786934107978,0.6845661855990592,0.4407617270668177,0.4407617270668177
HyBas_1030020040_R_Congo_River_Lev3_quartdeg,ridge_own_lags_deseasonalized,12,1.0,193,52,2003-07-16 12:00:00,2022-01-16 12:00:00,2022-02-15,2026-05-16 12:00:00,2022-02-15,2.1416659264610987,1.6764444663458542,0.8474731269462776,0.6908748089664127,0.6908748089664127
HyBas_1030020050_C_Gulf_of_Guinea_Coast_Lev3_quartdeg,ridge_own_lags_deseasonalized,12,1.0,193,52,2003-07-16 12:00:00,2022-01-16 12:00:00,2022-02-15,2026-05-16 12:00:00,2022-02-15,2.522083199460888,1.9214542611394483,0.7317689444033763,0.5335298108300668,0.5335298108300668
HyBas_1030021940_C_Nigerian_Delta_Lev3_quartdeg,ridge_own_lags_deseasonalized,12,1.0,193,52,2003-07-16 12:00:00,2022-01-16 12:00:00,2022-02-15,2026-05-16 12:00:00,2022-02-15,3.830565276382189,2.998199646223873,0.23238185567213104,-0.1468399289927984,-0.1468399289927984
HyBas_1030022420_R_Niger_River_Lev3_quartdeg,ridge_own_lags_deseasonalized,12,1.0,193,52,2003-07-16 12:00:00,2022-01-16 12:00:00,2022-02-15,2026-05-16 12:00:00,2022-02-15,1.7542970517528564,1.2311238017553856,0.8497504047089306,0.7039187515376701,0.7039187515376701
HyBas_1030022430_C_Bight_of_Benin_Coast_Lev3_quartdeg,ridge_own_lags_deseasonalized,12,1.0,193,52,2003-07-16 12:00:00,2022-01-16 12:00:00,2022-02-15,2026-05-16 12:00:00,2022-02-15,3.8568018594654916,2.9755747822072602,0.6749542887706084,0.4308257054215697,0.4308257054215697
HyBas_1030023300_R_Volta_River_Lev3_quartdeg,ridge_own_lags_deseasonalized,12,1.0,193,52,2003-07-16 12:00:00,2022-01-16 12:00:00,2022-02-15,2026-05-16 12:00:00,2022-02-15,2.3592712396562727,1.8463383057911236,0.49056822212342505,0.1201930266386958,0.1201930266386958
HyBas_1030023310_C_West_Africa_Coast_Lev3_quartdeg,ridge_own_lags_deseasonalized,12,1.0,193,52,2003-07-16 12:00:00,2022-01-16 12:00:00,2022-02-15,2026-05-16 12:00:00,2022-02-15,2.196051108530129,1.63734239879327,0.5120227150928809,0.13844618885708926,0.13844618885708926
HyBas_1030027410_R_Senegal_River_Lev3_quartdeg,ridge_own_lags_deseasonalized,12,1.0,193,52,2003-07-16 12:00:00,2022-01-16 12:00:00,2022-02-15,2026-05-16 12:00:00,2022-02-15,2.014660127382393,1.5732494900099152,0.7728525637744164,0.5045698256767062,0.5045698256767062
HyBas_1030027430_C_North_West_Africa_Coast_Lev3_quartdeg,ridge_own_lags_deseasonalized,12,1.0,193,52,2003-07-16 12:00:00,2022-01-16 12:00:00,2022-02-15,2026-05-16 12:00:00,2022-02-15,1.3528649856242085,1.0761887211814976,0.23539302322042516,-0.10601162812915432,-0.10601162812915432
HyBas_1030029810_C_Southwest_Mediterranean_Coast_Lev3_quartdeg,ridge_own_lags_deseasonalized,12,1.0,193,52,2003-07-16 12:00:00,2022-01-16 12:00:00,2022-02-15,2026-05-16 12:00:00,2022-02-15,2.2456154779270032,1.7587496236877924,0.1951142657959548,-0.12308189097147815,-0.12308189097147815
HyBas_1030031860_C_South_Mediterranean_Coast_Lev3_quartdeg,ridge_own_lags_deseasonalized,12,1.0,193,52,2003-07-16 12:00:00,2022-01-16 12:00:00,2022-02-15,2026-05-16 12:00:00,2022-02-15,1.5410728871694466,1.2253508254676941,-0.08062386290191063,-0.2409249126921218,-0.2409249126921218
HyBas_1030034170_C_West_Nile_Delta_Lev3_quartdeg,ridge_own_lags_deseasonalized,12,1.0,193,52,2003-07-16 12:00:00,2022-01-16 12:00:00,2022-02-15,2026-05-16 12:00:00,2022-02-15,2.205035674027899,1.7347844743488854,0.22369435455635364,-0.05858903465079668,-0.05858903465079668
HyBas_1030034260_R_Nile_River_Lev3_quartdeg,ridge_own_lags_deseasonalized,12,1.0,193,52,2003-07-16 12:00:00,2022-01-16 12:00:00,2022-02-15,2026-05-16 12:00:00,2022-02-15,2.2878575392318816,1.8528278987366031,0.7871254891081233,0.5763308289686944,0.5763308289686944
HyBas_1030034270_C_East_Nile_Delta_Lev3_quartdeg,ridge_own_lags_deseasonalized,12,1.0,193,52,2003-07-16 12:00:00,2022-01-16 12:00:00,2022-02-15,2026-05-16 12:00:00,2022-02-15,2.8131354977976644,2.1276105779083263,0.17393670556465818,-0.1361949525923667,-0.1361949525923667
HyBas_1030035180_C_Madagascar_Lev3_quartdeg,ridge_own_lags_deseasonalized,12,1.0,193,52,2003-07-16 12:00:00,2022-01-16 12:00:00,2022-02-15,2026-05-16 12:00:00,2022-02-15,3.600213752383383,2.7292760626854933,0.4401641794526757,-0.01048482382897209,-0.01048482382897209
HyBas_1030040190_E_Lower_Lake_Chad_Lev3_quartdeg,ridge_own_lags_deseasonalized,12,1.0,193,52,2003-07-16 12:00:00,2022-01-16 12:00:00,2022-02-15,2026-05-16 12:00:00,2022-02-15,2.8322335295276653,2.020588500018329,0.9352299004238684,0.8460114532607284,0.8460114532607284
HyBas_1030040200_E_South_Interior_Africa_Lev3_quartdeg,ridge_own_lags_deseasonalized,12,1.0,193,52,2003-07-16 12:00:00,2022-01-16 12:00:00,2022-02-15,2026-05-16 12:00:00,2022-02-15,2.47568204051412,1.7725230507401686,0.8464872903333505,0.7091333054630415,0.7091333054630415
HyBas_1030040210_E_Upper_Lake_Chad_Lev3_quartdeg,ridge_own_lags_deseasonalized,12,1.0,193,52,2003-07-16 12:00:00,2022-01-16 12:00:00,2022-02-15,2026-05-16 12:00:00,2022-02-15,1.5518532977382518,1.059387503613799,0.8318783033078275,0.6538070235996454,0.6538070235996454
HyBas_1030040220_E_Libyian_Desert_Lev3_quartdeg,ridge_own_lags_deseasonalized,12,1.0,193,52,2003-07-16 12:00:00,2022-01-16 12:00:00,2022-02-15,2026-05-16 12:00:00,2022-02-15,1.0291054903170618,0.8954129327968297,0.302260474511858,0.022565901494362217,0.022565901494362217
HyBas_1030040250_E_Egyptian_Western_Desert_Lev3_quartdeg,ridge_own_lags_deseasonalized,12,1.0,193,52,2003-07-16 12:00:00,2022-01-16 12:00:00,2022-02-15,2026-05-16 12:00:00,2022-02-15,1.5522940060553123,1.21042754440936,0.015702088204580775,-0.25592325596936805,-0.25592325596936805
HyBas_1030040260_E_Rift_Valley_Lev3_quartdeg,ridge_own_lags_deseasonalized,12,1.0,193,52,2003-07-16 12:00:00,2022-01-16 12:00:00,2022-02-15,2026-05-16 12:00:00,2022-02-15,2.880841831788616,2.347389351123348,0.7417575152481857,0.5193672768789938,0.5193672768789938
HyBas_1030040280_E_Northern_Kordofan_Lev3_quartdeg,ridge_own_lags_deseasonalized,12,1.0,193,52,2003-07-16 12:00:00,2022-01-16 12:00:00,2022-02-15,2026-05-16 12:00:00,2022-02-15,2.4988935622663204,1.5224284846438703,0.6889400748922151,0.44407054318351435,0.44407054318351435
HyBas_1030040300_E_Saharan_and_Algerian_Atlas_Lev3_quartdeg,ridge_own_lags_deseasonalized,12,1.0,193,52,2003-07-16 12:00:00,2022-01-16 12:00:00,2022-02-15,2026-05-16 12:00:00,2022-02-15,1.0519446258741905,0.8442666147741431,0.7023862313619009,0.4214834668823597,0.4214834668823597
HyBas_1030040310_E_Sahara_Lev3_quartdeg,ridge_own_lags_deseasonalized,12,1.0,193,52,2003-07-16 12:00:00,2022-01-16 12:00:00,2022-02-15,2026-05-16 12:00:00,2022-02-15,0.8642574210009639,0.7201447944506275,-0.031700027419403885,-0.2164511642353768,-0.2164511642353768
HyBas_1030040370_E_Lake_Rukwa_Basin_Lev3_quartdeg,ridge_own_lags_deseasonalized,12,1.0,193,52,2003-07-16 12:00:00,2022-01-16 12:00:00,2022-02-15,2026-05-16 12:00:00,2022-02-15,8.713471373053483,6.880294165960677,0.7991781168435547,0.5737742941644585,0.5737742941644585
