model,horizon,rmse_std,n,placebo_n,placebo_beaten,p_rank,skill_vs_kalman,skill_vs_own_ridge
kalman_corr_min300_top1,1,1.0481966438684682,19422,50.0,50.0,0.0196078431372549,0.0015218674289994016,0.003234321024573217
kalman_corr_top1,1,1.048279627108633,19422,50.0,50.0,0.0196078431372549,0.0013637668837377381,0.003076491631817002
kalman_ar1,1,1.048995163580747,19422,,,,0.0,0.0017150636951501763
kalman_corr_min500_top1,1,1.049043053700986,19422,50.0,50.0,0.0196078431372549,-9.130874016061163e-05,0.0016239115552947325
kalman_geo_top1,1,1.0492256799188215,19422,50.0,50.0,0.0196078431372549,-0.00043954762428444205,0.001276269923038753
kalman_geo_top3,1,1.0496039265596468,19422,50.0,50.0,0.0196078431372549,-0.0011609960496281602,0.000556058827697159
kalman_geo_top2,1,1.0496432227283254,19422,50.0,49.0,0.0392156862745098,-0.0012359624761801857,0.0004812209733413564
kalman_own_ridge,1,1.0498958690826776,19422,,,,-0.0017180101920586388,0.0
kalman_corr_top2,1,1.0502069121273592,19422,50.0,2.0,0.9607843137254902,-0.0023116377756602358,-0.0005926094744845845
kalman_corr_top3,1,1.0523804973473283,19422,50.0,0.0,1.0,-0.0064648465228716034,-0.004738695204155263
kalman_corr_min1000_top1,1,1.0530640422099646,19422,50.0,0.0,1.0,-0.007772714353992072,-0.0060443199586404095
kalman_ar1,2,1.1953584266583883,19188,,,,0.0,0.009975833060832495
kalman_own_ridge,2,1.201365758370325,19188,,,,-0.010076353076990285,0.0
kalman_corr_min300_top1,2,1.2017375667731418,19188,50.0,2.0,0.9607843137254902,-0.010701663042462117,-0.0006190719776446585
kalman_corr_top1,2,1.2019491292838866,19188,50.0,0.0,1.0,-0.011057556723650386,-0.0009714153228821409
kalman_geo_top1,2,1.2022367456058116,19188,50.0,0.0,1.0,-0.011541489764127721,-0.0014505207281352295
kalman_corr_min500_top1,2,1.2027063235632947,19188,50.0,0.0,1.0,-0.012331833849572593,-0.002232980472922863
kalman_geo_top2,2,1.2038450964795369,19188,50.0,0.0,1.0,-0.01424977810480188,-0.0041317916364422835
kalman_geo_top3,2,1.203952362342769,19188,50.0,0.0,1.0,-0.014430530969496091,-0.00431074134073306
kalman_corr_top2,2,1.2071180469213825,19188,50.0,0.0,1.0,-0.019772252434851145,-0.009599174684492562
kalman_corr_min1000_top1,2,1.208437787672461,19188,50.0,0.0,1.0,-0.022003302996489005,-0.011807968658176904
kalman_corr_top3,2,1.2111716583996899,19188,50.0,0.0,1.0,-0.026632726916113736,-0.016391210217611585
kalman_own_ridge,3,1.270614535742653,18954,,,,0.004367050774599868,0.0
kalman_corr_min300_top1,3,1.2716230672408049,18954,50.0,0.0,1.0,0.0027858856498698126,-0.001588100439986695
kalman_corr_top1,3,1.2718307551060493,18954,50.0,0.0,1.0,0.0024601190150863594,-0.0019152959541937076
kalman_geo_top1,3,1.2720284570662537,18954,50.0,0.0,1.0,0.00214996624149999,-0.002226809121599338
kalman_corr_min500_top1,3,1.2723934424382055,18954,50.0,0.0,1.0,0.0015772543433184572,-0.002802033051891195
kalman_ar1,3,1.2733980750571514,18954,,,,0.0,-0.004386205556974998
kalman_geo_top2,3,1.2737915222171892,18954,50.0,0.0,1.0,-0.0006180438784344489,-0.005006960302903929
kalman_geo_top3,3,1.2738661114011536,18954,50.0,0.0,1.0,-0.0007352333356633878,-0.0051246637771806824
kalman_corr_top2,3,1.2782422579819366,18954,50.0,0.0,1.0,-0.007622748913745037,-0.012042389414364862
kalman_corr_min1000_top1,3,1.2785331977705523,18954,50.0,0.0,1.0,-0.008081489673457343,-0.012503142305346548
kalman_corr_top3,3,1.28279947466931,18954,50.0,0.0,1.0,-0.014820353038859757,-0.01927156371069061
kalman_own_ridge,4,1.3204410384757215,18720,,,,0.02359383127830561,0.0
kalman_geo_top1,4,1.3222353994359988,18720,50.0,0.0,1.0,0.020938331362825968,-0.002719667286571914
kalman_corr_min300_top1,4,1.3227062103931277,18720,50.0,0.0,1.0,0.020240974405495327,-0.003433875143578513
kalman_corr_top1,4,1.3228023520395047,18720,50.0,0.0,1.0,0.02009854055531013,-0.0035797507584076627
kalman_corr_min500_top1,4,1.3233773621541522,18720,50.0,0.0,1.0,0.019246446947125073,-0.004452434315191045
kalman_geo_top2,4,1.3238238717023232,18720,50.0,0.0,1.0,0.018584519797543497,-0.005130356240293121
kalman_geo_top3,4,1.323981852943416,18720,50.0,0.0,1.0,0.018350267356225136,-0.005370269146235618
kalman_corr_min1000_top1,4,1.3284992571247658,18720,50.0,0.0,1.0,0.011640094052872474,-0.012242586751661566
kalman_corr_top2,4,1.3290313168700074,18720,50.0,0.0,1.0,0.010848265497632736,-0.013053549013684718
kalman_corr_top3,4,1.3335776776269384,18720,50.0,0.0,1.0,0.004069294487476949,-0.019996326750362448
kalman_ar1,4,1.3362993470513527,18720,,,,0.0,-0.024163951472361722
kalman_own_ridge,5,1.3764233749233163,18486,,,,0.026557606362975772,0.0
kalman_geo_top1,5,1.3782147696641367,18486,50.0,0.0,1.0,0.02402211562082368,-0.002604664393831335
kalman_corr_min300_top1,5,1.3786133475013858,18486,50.0,0.0,1.0,0.023457531040083635,-0.0031846520586695792
kalman_corr_top1,5,1.3788220703437757,18486,50.0,0.0,1.0,0.02316181048878352,-0.003488440503915946
kalman_corr_min500_top1,5,1.3793089705843722,18486,50.0,0.0,1.0,0.02247179146818923,-0.004197284730451223
kalman_geo_top2,5,1.3795922946012145,18486,50.0,0.0,1.0,0.022070161855923476,-0.00460987166409077
kalman_geo_top3,5,1.379712632105988,18486,50.0,0.0,1.0,0.021899550915972288,-0.004785137238167314
kalman_corr_min1000_top1,5,1.3839577490037973,18486,50.0,0.0,1.0,0.015871428331914794,-0.010977719997517843
kalman_corr_top2,5,1.3840960347896745,18486,50.0,0.0,1.0,0.015674749217719164,-0.01117976494181172
kalman_corr_top3,5,1.3888159382376533,18486,50.0,0.0,1.0,0.008950011121269141,-0.018087968386008235
kalman_ar1,5,1.395072928851735,18486,,,,0.0,-0.027282155098824035
kalman_own_ridge,6,1.4368516855847975,18252,,,,0.015856356122920134,0.0
kalman_geo_top1,6,1.438580212336284,18252,50.0,0.0,1.0,0.013487090244998057,-0.0024074390894690545
kalman_corr_min300_top1,6,1.4388407575599051,18252,50.0,0.0,1.0,0.013129717746350522,-0.002770569513437904
kalman_corr_top1,6,1.439154384292396,18252,50.0,0.0,1.0,0.012699451043801435,-0.003207768600406835
kalman_corr_min500_top1,6,1.439883711936582,18252,50.0,0.0,1.0,0.01169851876440442,-0.004224827731585723
kalman_geo_top2,6,1.4401043085860161,18252,50.0,0.0,1.0,0.011395671119002748,-0.004532554807085365
kalman_geo_top3,6,1.44024297635658,18252,50.0,0.0,1.0,0.01120527635728319,-0.004726017177039354
kalman_corr_top2,6,1.444147338357847,18252,50.0,0.0,1.0,0.005836952419463803,-0.010180834643187309
kalman_corr_min1000_top1,6,1.4442253459099346,18252,50.0,0.0,1.0,0.005729547422478332,-0.010289970131338366
kalman_ar1,6,1.4483805890107582,18252,,,,0.0,-0.016111831053903014
kalman_corr_top3,6,1.4486886039103912,18252,50.0,0.0,1.0,-0.000425368378225377,-0.016544052895574035
