model,horizon,rmse_std,n,dm_vs_ridge_twin,dm_p,placebo_n,placebo_beaten,p_rank,dm_vs_no_era5,dm_p_era5,skill_vs_ridge_own
lstmres_corr_top1_s0,1,1.0099931991969622,19422,-8.989545724076978,7.549995693900527e-14,20.0,20.0,0.0476190476190476,,,0.074568144097611
lstm_corr_top1_era5_s0,1,1.0116751198076943,19422,-3.927599653336996,0.0001780133810371,,,,,,0.0714833729933538
lstmres_corr_top1_s1,1,1.0127272050001137,19422,-6.919915984782917,9.169648820122275e-10,20.0,20.0,0.0476190476190476,,,0.0695511587391245
lstm_own_era5_s0,1,1.0132379357144172,19422,-3.94551711180798,0.0001671944059947,,,,,,0.0686124486387576
lstmres_nbrin_corr_top1_s0,1,1.0140031837246222,19422,,,20.0,5.0,0.7619047619047619,,,0.0672050563675586
lstm_corr_top1_era5_s1,1,1.0160954181723412,19422,-3.252027847439112,0.0016641955177444,,,,,,0.0633517368122366
lstmres_nbrin_corr_top1_s1,1,1.0167678370739577,19422,,,20.0,15.0,0.2857142857142857,,,0.0621116399034997
lstmres_own_s0,1,1.0184462128459697,19422,-8.032751967530432,6.017702590359316e-12,,,,,,0.0590127450561123
lstm_own_era5_s1,1,1.0188142661374784,19422,-3.043355563705416,0.0031432482128458,,,,,,0.0583325009110662
ridge_corr_top1_era5,1,1.0236989492208677,19422,,,,,,-4.10808361082565,9.39506848663292e-05,0.0492812456411395
ridge_own_era5,1,1.0253533779241089,19422,,,,,,-4.097987792377355,9.741226484922378e-05,0.0462057957772875
lstmres_own_s1,1,1.0254135575778416,19422,-4.762361875722359,8.14162535403488e-06,,,,,,0.0460938330323478
ridge_corr_top1,1,1.048279627108633,19422,,,,,,,,0.003076491631817
kalman_ar1,1,1.048995163580747,19422,,,,,,,,0.0017150636951501
ridge_own,1,1.0498958690826776,19422,,,,,,,,0.0
lstmres_corr_top1_s0,2,1.1679834944043457,19188,-7.955805353796111,9.17957617983194e-12,20.0,20.0,0.0476190476190476,,,0.0548017428532138
lstmres_corr_top1_s1,2,1.1758042679554677,19188,-4.959441267425356,3.826854847471751e-06,20.0,20.0,0.0476190476190476,,,0.0421013400643938
lstm_own_era5_s0,2,1.1758316991495286,19188,-6.91515808507436,9.828451506819468e-10,,,,,,0.0420566445121542
lstmres_nbrin_corr_top1_s1,2,1.1780224525211251,19188,,,20.0,20.0,0.0476190476190476,,,0.0384837307025592
lstm_corr_top1_era5_s1,2,1.180907456125879,19188,-6.083798754947263,3.697382866161733e-08,,,,,,0.03376841366545
lstmres_nbrin_corr_top1_s0,2,1.182978855142263,19188,,,20.0,20.0,0.0476190476190476,,,0.0303757574605652
lstmres_own_s0,2,1.1843300492265625,19188,-4.098583914236487,9.811071709230185e-05,,,,,,0.0281594900110311
lstm_corr_top1_era5_s0,2,1.18435314464296,19188,-3.975504020943445,0.0001517492121675,,,,,,0.0281215862525074
lstm_own_era5_s1,2,1.1851037691223518,19188,-3.600703269819376,0.0005455074683414,,,,,,0.0268892732224366
ridge_own_era5,2,1.192980604936012,19188,,,,,,-1.7052968564089228,0.0919715227163004,0.0139106521310605
ridge_corr_top1_era5,2,1.1935290417962932,19188,,,,,,-1.754265415230681,0.0831670760683294,0.0130037940418497
lstmres_own_s1,2,1.1936362107213772,19188,-1.386548537166888,0.1693839755706234,,,,,,0.012826538076356
kalman_ar1,2,1.1953584266583883,19188,,,,,,,,0.0099758330608324
ridge_own,2,1.201365758370325,19188,,,,,,,,0.0
ridge_corr_top1,2,1.2019491292838866,19188,,,,,,,,-0.0009714153228821
lstmres_corr_top1_s0,3,1.2496723795166986,18954,-5.986380375613913,5.7864931236306936e-08,20.0,20.0,0.0476190476190476,,,0.0326921694342088
lstmres_corr_top1_s1,3,1.2544104717973903,18954,-4.070009371438569,0.0001096496880638,20.0,20.0,0.0476190476190476,,,0.0253432316557158
lstm_own_era5_s0,3,1.257797663942029,18954,-5.1305196619495606,1.976847650253268e-06,,,,,,0.0200725375416527
lstmres_nbrin_corr_top1_s1,3,1.2600404510539354,18954,,,20.0,20.0,0.0476190476190476,,,0.0165747919594981
lstm_corr_top1_era5_s1,3,1.2623943983067345,18954,-3.624221696930824,0.0005077327695865,,,,,,0.0128969840183896
lstm_own_era5_s1,3,1.2630043905751325,18954,-2.334534622911344,0.0220762880565427,,,,,,0.0119428120371056
lstmres_nbrin_corr_top1_s0,3,1.2630653152194349,18954,,,20.0,20.0,0.0476190476190476,,,0.0118474861854064
lstm_corr_top1_era5_s0,3,1.26442638971415,18954,-1.9801379323122663,0.0511261864952988,,,,,,0.009716679768113
ridge_own_era5,3,1.2685130189219525,18954,,,,,,-0.5151345908952136,0.6078794759416654,0.0033051391638723
lstmres_own_s0,3,1.2692922759296252,18954,-0.3343701935759233,0.7389752454399106,,,,,,0.0020802088654302
ridge_corr_top1_era5,3,1.2696690468483842,18954,,,,,,-0.5455783586600388,0.5868738529657064,0.0014876850364596
ridge_own,3,1.270614535742653,18954,,,,,,,,0.0
ridge_corr_top1,3,1.2718307551060493,18954,,,,,,,,-0.0019152959541937
kalman_ar1,3,1.2733980750571514,18954,,,,,,,,-0.0043862055569749
lstmres_own_s1,3,1.275432227896346,18954,0.9539796321194496,0.342967650068207,,,,,,-0.0075976237572046
lstmres_corr_top1_s0,4,1.3072614750404168,18720,-5.262932391520049,1.1870416370956594e-06,20.0,20.0,0.0476190476190476,,,0.0198627416703726
lstmres_corr_top1_s1,4,1.308440527880164,18720,-4.493388384289612,2.3668074575730395e-05,20.0,20.0,0.0476190476190476,,,0.0180939222142312
lstm_own_era5_s0,4,1.3155465947376763,18720,-3.96607609047812,0.0001595751157965,,,,,,0.0073996074695761
lstm_own_era5_s1,4,1.3174883971758375,18720,-2.199118829606732,0.0307940375232235,,,,,,0.0044672045322435
lstmres_nbrin_corr_top1_s1,4,1.3178898219104944,18720,,,20.0,20.0,0.0476190476190476,,,0.0038604555531155
lstm_corr_top1_era5_s1,4,1.3197691311126365,18720,-1.2829958195937743,0.203244813503222,,,,,,0.0010174424957141
lstmres_nbrin_corr_top1_s0,4,1.3202377630818056,18720,,,20.0,20.0,0.0476190476190476,,,0.0003078664497245
ridge_own,4,1.3204410384757217,18720,,,,,,,,0.0
ridge_own_era5,4,1.3213456917261857,18720,,,,,,0.2134626931569631,0.8315160191360218,-0.001370698303986
lstm_corr_top1_era5_s0,4,1.3213837200213547,18720,-1.0733924466790474,0.2863629055196556,,,,,,-0.0014283379795141
ridge_corr_top1,4,1.3228023520395047,18720,,,,,,,,-0.0035797507584076
ridge_corr_top1_era5,4,1.3240233918120954,18720,,,,,,0.2884307804776037,0.773772435382675,-0.0054333555074499
lstmres_own_s0,4,1.3288310564941794,18720,2.1209846860730424,0.0370593662949159,,,,,,-0.0127482752444774
lstmres_own_s1,4,1.332119458215618,18720,2.55674011510654,0.0124814770879159,,,,,,-0.0177668874450058
kalman_ar1,4,1.336299347051353,18720,,,,,,,,-0.0241639514723617
lstmres_corr_top1_s0,5,1.3673644574076684,18486,-3.2648421987466985,0.0016278895891027,20.0,20.0,0.0476190476190476,,,0.0131196651987601
lstmres_corr_top1_s1,5,1.37554215985674,18486,-0.995187003579148,0.3227226593481175,20.0,20.0,0.0476190476190476,,,0.0012800319966326
ridge_own,5,1.3764233749233163,18486,,,,,,,,0.0
lstmres_nbrin_corr_top1_s0,5,1.3775269484603876,18486,,,20.0,20.0,0.0476190476190476,,,-0.0016041807523587
lstm_own_era5_s0,5,1.377822415943525,18486,-1.4430675585092616,0.153005539566158,,,,,,-0.0020338975069325
ridge_corr_top1,5,1.3788220703437757,18486,,,,,,,,-0.0034884405039159
ridge_own_era5,5,1.380052060609655,18486,,,,,,0.868270987631155,0.3879096677844725,-0.0052795802976259
lstm_corr_top1_era5_s0,5,1.3813846293265872,18486,-0.6978200955217904,0.4873647408433419,,,,,,-0.0072218995984156
ridge_corr_top1_era5,5,1.382919571458984,18486,,,,,,0.9791066530878738,0.3305543842324066,-0.00946151663331
lstmres_nbrin_corr_top1_s1,5,1.384102324351813,18486,,,20.0,20.0,0.0476190476190476,,,-0.0111889549001018
lstm_own_era5_s1,5,1.3844439424559851,18486,1.7326991678561647,0.0871013953880149,,,,,,-0.0116881710024212
lstm_corr_top1_era5_s1,5,1.3861398646520768,18486,0.8065691111019139,0.4223672498906716,,,,,,-0.0141682935297886
lstmres_own_s0,5,1.3899566612765386,18486,3.377439351169812,0.001143753920803,,,,,,-0.0197610962889565
kalman_ar1,5,1.395072928851735,18486,,,,,,,,-0.027282155098824
lstmres_own_s1,5,1.3978155129781034,18486,3.92892193938537,0.0001831985145552,,,,,,-0.031325208411431
lstmres_corr_top1_s0,6,1.4282044807004817,18252,-3.383696807122472,0.0011272984790992,20.0,20.0,0.0476190476190476,,,0.0120001038866959
lstmres_corr_top1_s1,6,1.431678127871754,18252,-2.0151771072740297,0.0473763802898935,20.0,20.0,0.0476190476190476,,,0.0071882766408429
ridge_own,6,1.4368516855847977,18252,,,,,,,,0.0
lstmres_nbrin_corr_top1_s0,6,1.4379151629944438,18252,,,20.0,20.0,0.0476190476190476,,,-0.0014808361692806
ridge_corr_top1,6,1.439154384292396,18252,,,,,,,,-0.0032077686004068
lstm_own_era5_s0,6,1.4419429885731925,18252,-0.2919112526315672,0.7711395117347383,,,,,,-0.0070993036164137
ridge_own_era5,6,1.4424106316852718,18252,,,,,,1.5789534622851105,0.1184463067107309,-0.0077526434867656
lstmres_nbrin_corr_top1_s1,6,1.4435332909837937,18252,,,20.0,20.0,0.0476190476190476,,,-0.0093219651944951
lstm_corr_top1_era5_s0,6,1.4439118468615018,18252,-0.4046504296142446,0.686856380650522,,,,,,-0.0098514089756058
ridge_corr_top1_era5,6,1.4451966440820794,18252,,,,,,1.7026124259481117,0.0926745315126086,-0.0116493463298616
lstm_own_era5_s1,6,1.4457330311345165,18252,1.5914193591842694,0.1156126460344465,,,,,,-0.0124004362431118
kalman_ar1,6,1.4483805890107582,18252,,,,,,,,-0.016111831053903
lstm_corr_top1_era5_s1,6,1.4496371848078278,18252,0.9695419117134114,0.3353105420822787,,,,,,-0.0178757261951116
lstmres_own_s1,6,1.4553025093958485,18252,4.251931212427997,5.894685447377204e-05,,,,,,-0.0258471891962113
lstmres_own_s0,6,1.4584561559803777,18252,5.139197782283167,2.031873909462455e-06,,,,,,-0.0302980367218219
