challenger,reference,horizon,skill_pct,ci_lo_pct,ci_hi_pct,dm_stat,dm_p
lstm_own_s0,ridge_own,1,0.1072690471522697,-0.2684750886603221,0.4537408374740822,-0.5486650849206173,0.5847261372211935
lstm_own_s0,ridge_own,2,0.817632087296527,0.3870977387959626,1.2280405496142996,-3.571981360671817,0.0005998052499643611
lstm_own_s0,ridge_own,3,-1.267805702402125,-2.130152222746607,-0.5664006290108687,2.937850135176721,0.004316239220932682
lstm_corr_top1_s0,lstm_own_s0,1,0.3077106622079162,-0.07120705306015551,0.728754665895802,-1.4990601622451358,0.13769822453303368
lstm_corr_top1_s0,lstm_own_s0,2,-0.6505552513407009,-1.4718880751889403,0.05862293563085626,1.895996297391259,0.061526488175254496
lstm_corr_top1_s0,lstm_own_s0,3,0.15427477710741044,-0.24290360300029123,0.517568257735996,-0.7723634192824905,0.4421750305435402
lstm_corr_top1_s0,ridge_corr_top1,1,0.10733066979053962,-0.48838887900706457,0.5935227403090473,-0.39335526360124495,0.6950779791475065
lstm_corr_top1_s0,ridge_corr_top1,2,0.2692759379524068,-0.5031688380732602,0.9164859723874001,-0.8179503528940919,0.4157852185490683
lstm_corr_top1_s0,ridge_corr_top1,3,-0.918286634777421,-1.6711604382063716,-0.3189766443175114,2.467321627537196,0.015747602195349094
lstm_own_era5_s0,ridge_own_era5,1,2.3492125200875957,1.345696430240861,3.5702401868504796,-3.94551711180798,0.0001671944059947433
lstm_own_era5_s0,ridge_own_era5,2,2.8543044747335156,2.106946010082385,3.6178099927990077,-6.91515808507436,9.828451506819468e-10
lstm_own_era5_s0,ridge_own_era5,3,1.6823000736367666,1.049997373966873,2.296573549145013,-5.1305196619495606,1.976847650253268e-06
lstm_corr_top1_era5_s0,lstm_own_era5_s0,1,0.30824164982669044,-0.27903780998598193,0.9529652796194573,-0.9747594181692754,0.3325464508383594
lstm_corr_top1_era5_s0,lstm_own_era5_s0,2,-1.4546849957062902,-2.1241223287848277,-0.7868839844905483,4.4002377004535,3.266220037106404e-05
lstm_corr_top1_era5_s0,lstm_own_era5_s0,3,-1.056798402971526,-1.699941023193663,-0.47275037992661684,3.307158986411548,0.0014133424786858945
lstm_corr_top1_era5_s0,ridge_corr_top1_era5,1,2.3352991881586016,1.2417339498245412,3.549146546272898,-3.927599653336996,0.00017801338103710723
lstm_corr_top1_era5_s0,ridge_corr_top1_era5,2,1.531697094618667,0.7022931402482133,2.326932436432912,-3.975504020943445,0.00015174921216752293
lstm_corr_top1_era5_s0,ridge_corr_top1_era5,3,0.8241255123582536,0.009212263608667788,1.6234822625469851,-1.9801379323122663,0.05112618649529884
