model,vs,horizon,n_rows,n_months,skill,ci_lo,ci_hi,dm_stat,dm_p
kalman_corr_top1,kalman_own_ridge,1,19422,83,0.0030764916318175572,-0.0008756197252891895,0.00824215812567513,-1.2961531726074236,0.19855893820508996
kalman_corr_top1,kalman_ar1,1,19422,83,0.0013637668837380712,-0.0027364626785054136,0.0066190745533433485,-0.5732550775220167,0.5680408007096779
kalman_pred_lag1_top1,kalman_own_ridge,1,19422,83,-0.01302798724372578,-0.019906029577212055,-0.005555469575955148,3.525665984594316,0.0006943918109796732
kalman_pred_lag1_top1,kalman_corr_top1,1,19422,83,-0.016154177066106,-0.022119895224847485,-0.010612296087465074,5.233656755679485,1.2536353419134066e-06
fusion_corr_top1,kalman_ar1,1,19422,83,-0.021428638192687588,-0.03061787567998714,-0.009540762755586601,4.246985017795112,5.682121448406303e-05
fusion_corr_top1_mle,kalman_ar1,1,19422,83,-0.0626746811003327,-0.07962620145800543,-0.0438472097897309,8.093952863468447,4.551431254718493e-12
fusion_corr_top1,kalman_own_ridge,1,19422,83,-0.019676823018136336,-0.02888052699067503,-0.007785688158466478,3.873915857267728,0.00021458815976201326
fusion_corr_top1,kalman_corr_top1,1,19422,83,-0.02282353105224466,-0.02902077276805302,-0.015526756270843742,6.677038828205931,2.6931617086109113e-09
coupled_corr_top1,kalman_ar1,1,19422,83,-0.00020853146946842038,-0.007664892834671294,0.009690436763510793,0.04778537568359392,0.9620034853871569
coupled_corr_top1,kalman_own_ridge,1,19422,83,0.001506889870434569,-0.006162537712991528,0.011501119889977008,-0.33787667786075976,0.7363195956066688
coupled_corr_top1,kalman_corr_top1,1,19422,83,-0.0015744455298805082,-0.007527755865282165,0.00524697580213716,0.48451934263226826,0.6293090511200472
kalman_corr_top1,kalman_own_ridge,2,19188,82,-0.000971415322882363,-0.006189032794678168,0.005036271639874776,0.3625452243170642,0.7178888959700126
kalman_corr_top1,kalman_ar1,2,19188,82,-0.011057556723650608,-0.01705399344683321,-0.004536287415558783,3.7822868404606798,0.00029625790133279775
kalman_pred_lag1_top1,kalman_own_ridge,2,19188,82,-0.01661594896664842,-0.024307980975491604,-0.007895698806706644,4.145089916500952,8.304221152192306e-05
kalman_pred_lag1_top1,kalman_corr_top1,2,19188,82,-0.01562935105266683,-0.021068913676255872,-0.009880991339792696,5.177283055975325,1.6064025003783588e-06
fusion_corr_top1,kalman_ar1,2,19188,82,-0.012798248788715938,-0.019412843856175276,-0.004578958962698435,3.5739416959921693,0.0005959420676214935
fusion_corr_top1_mle,kalman_ar1,2,19188,82,-0.0387778478780918,-0.0507536869546034,-0.02444410131308728,6.610593538202814,3.7660724335260715e-09
fusion_corr_top1,kalman_own_ridge,2,19188,82,-0.0026947425344960863,-0.010025487307376329,0.005785918273911675,0.6947183452752752,0.4892198312225541
fusion_corr_top1,kalman_corr_top1,2,19188,82,-0.0017216547697895823,-0.0074114365398486315,0.0038438475225254253,0.6109216110974675,0.5429620601704609
coupled_corr_top1,kalman_ar1,2,19188,82,-0.0006688912446359829,-0.005567791832035912,0.006243898779276374,0.22411799311542585,0.8232298348283117
coupled_corr_top1,kalman_own_ridge,2,19188,82,0.009313614563589034,0.003238326766016339,0.017096221655591444,-2.6244777451782157,0.010369830168275246
coupled_corr_top1,kalman_corr_top1,2,19188,82,0.010275048546869558,0.0043082162744209705,0.01716091476197381,-3.1412753762280587,0.002349093006293808
kalman_corr_top1,kalman_own_ridge,3,18954,81,-0.0019152959541937076,-0.007173013582471827,0.0034703145367295787,0.7088003402042954,0.4805088186735179
kalman_corr_top1,kalman_ar1,3,18954,81,0.0024601190150861374,-0.0027563764730561603,0.007788676120570333,-0.9047157590646652,0.36833251702634734
kalman_pred_lag1_top1,kalman_own_ridge,3,18954,81,-0.0159581524117538,-0.023388979798388145,-0.007788915378436167,4.018704781334758,0.00013148539241893532
kalman_pred_lag1_top1,kalman_corr_top1,3,18954,81,-0.014016011647158155,-0.018909401917336827,-0.008737360530525392,4.967073137369166,3.7800087306046074e-06
fusion_corr_top1,kalman_ar1,3,18954,81,-0.008324495496585316,-0.013673789857024133,-0.002226893742640696,2.864135447921342,0.005338238619255071
fusion_corr_top1_mle,kalman_ar1,3,18954,81,-0.0281442168750905,-0.03864041308158679,-0.016807535551734084,5.477801321162217,4.840501510575356e-07
fusion_corr_top1,kalman_own_ridge,3,18954,81,-0.012747214001966212,-0.018559851372741222,-0.0063358792657645215,4.243671213942357,5.8737503721880434e-05
fusion_corr_top1,kalman_corr_top1,3,18954,81,-0.010811211378359387,-0.014949153129460074,-0.006324954780857967,4.943475164406115,4.147566165854342e-06
coupled_corr_top1,kalman_ar1,3,18954,81,0.0018716462673398215,-0.002026650963213922,0.0064564545961404,-0.8422120140641726,0.4021800829964174
coupled_corr_top1,kalman_own_ridge,3,18954,81,-0.002506349864376478,-0.006409574993500594,0.002335962493936671,1.1264950277508528,0.2633238405934326
coupled_corr_top1,kalman_corr_top1,3,18954,81,-0.0005899240310724974,-0.005267077083313959,0.004606598374683243,0.24270413170157765,0.8088557812210455
kalman_corr_top1,kalman_own_ridge,4,18720,80,-0.0035797507584078847,-0.007704229374856425,0.0007738506188429205,1.588049655272571,0.1162696588990281
kalman_corr_top1,kalman_ar1,4,18720,80,0.02009854055531013,0.015318438410278598,0.02618183104298604,-6.293957083030214,1.6132227218792625e-08
kalman_pred_lag1_top1,kalman_own_ridge,4,18720,80,-0.015742059308514245,-0.022979679229066567,-0.007450101500369895,3.744731022036171,0.0003414347301494204
kalman_pred_lag1_top1,kalman_corr_top1,4,18720,80,-0.012118925816224646,-0.017808734488287688,-0.006304088997888958,3.8789740671866757,0.0002159096596943246
fusion_corr_top1,kalman_ar1,4,18720,80,-0.0077760675346445485,-0.011629809430899784,-0.00299099046466713,3.403352407991232,0.0010478207953975862
fusion_corr_top1_mle,kalman_ar1,4,18720,80,-0.02381266797560455,-0.032203649777973645,-0.014997365124384354,5.756570308672875,1.5685887489831919e-07
fusion_corr_top1,kalman_own_ridge,4,18720,80,-0.03212791952555949,-0.03943454907875342,-0.025103071032480613,8.44916918969291,1.1590288441629527e-12
fusion_corr_top1,kalman_corr_top1,4,18720,80,-0.028446337967239277,-0.03498919625844054,-0.022525473636404333,8.289920325019581,2.3716829418533796e-12
coupled_corr_top1,kalman_ar1,4,18720,80,0.0013928517721258915,-0.0014300883445273415,0.004832682781024541,-0.7908732926264957,0.4313858557774474
coupled_corr_top1,kalman_own_ridge,4,18720,80,-0.022737442897606153,-0.028125721953112987,-0.017348549985734745,7.782527531951596,2.3096537303596088e-11
coupled_corr_top1,kalman_corr_top1,4,18720,80,-0.019089356999003604,-0.02513170162482134,-0.01376521074180593,6.2388614354619385,2.0428258767973405e-08
kalman_corr_top1,kalman_own_ridge,5,18486,79,-0.003488440503915946,-0.00716981507579118,2.7965577920695163e-05,1.8344585474933521,0.07039916827524195
kalman_corr_top1,kalman_ar1,5,18486,79,0.023161810488783963,0.01928601561372622,0.028281867220274745,-8.083275245314782,6.49044350972236e-12
kalman_pred_lag1_top1,kalman_own_ridge,5,18486,79,-0.014667845811930258,-0.021700968596136423,-0.007558408578594142,3.600521253222319,0.0005562295142167457
kalman_pred_lag1_top1,kalman_corr_top1,5,18486,79,-0.011140542189405078,-0.017064866072951924,-0.0057605330582922555,3.382753756289163,0.0011246507603000155
fusion_corr_top1,kalman_ar1,5,18486,79,-0.007709806329035507,-0.010880932193517805,-0.0038754804199271535,4.146010681945182,8.530807994157505e-05
fusion_corr_top1_mle,kalman_ar1,5,18486,79,-0.022246671867533596,-0.030624691799274788,-0.014469320980478177,5.514637537174278,4.378637942362667e-07
fusion_corr_top1,kalman_own_ridge,5,18486,79,-0.035202301559910776,-0.042230233661084686,-0.02924561057062501,9.073746602864716,7.763030940077096e-14
fusion_corr_top1,kalman_corr_top1,5,18486,79,-0.03160361372978948,-0.037404246175591814,-0.026292075008090433,9.650378635776113,5.945268267551053e-15
coupled_corr_top1,kalman_ar1,5,18486,79,0.00037135066750393353,-0.0018785118844293735,0.0031820396720856005,-0.2559846659945895,0.798636573929139
coupled_corr_top1,kalman_own_ridge,5,18486,79,-0.026900673184813817,-0.03196533164040004,-0.0224263783095942,9.042852013822623,8.911488213072531e-14
coupled_corr_top1,kalman_corr_top1,5,18486,79,-0.02333084441823874,-0.028053486091996767,-0.018824355510731503,8.600305483607034,6.441229609284879e-13
kalman_corr_top1,kalman_own_ridge,6,18252,78,-0.003207768600406169,-0.007584770761020454,0.0006112042652679877,1.428106630696656,0.15730476091781975
kalman_corr_top1,kalman_ar1,6,18252,78,0.012699451043801435,0.009583274998341357,0.016378470407525228,-6.970288116557161,9.461910902261211e-10
kalman_pred_lag1_top1,kalman_own_ridge,6,18252,78,-0.013712987128635667,-0.02088955134594539,-0.007651189053192519,3.398694843455075,0.0010749494221014369
kalman_pred_lag1_top1,kalman_corr_top1,6,18252,78,-0.010471627968835717,-0.01646998380817628,-0.005521666279131228,3.256754595502941,0.0016770640302470642
fusion_corr_top1,kalman_ar1,6,18252,78,-0.00590098769262104,-0.00877709322513015,-0.003051703728754459,3.7621997372530993,0.00032673099298329407
fusion_corr_top1_mle,kalman_ar1,6,18252,78,-0.01777115041014321,-0.0261563504568987,-0.01095570002093656,4.421864232358133,3.1695418939018114e-05
fusion_corr_top1,kalman_own_ridge,6,18252,78,-0.022107894463278432,-0.026898990960492204,-0.018424205346902776,8.71234932150457,4.3013254834013307e-13
fusion_corr_top1,kalman_corr_top1,6,18252,78,-0.01883969248886519,-0.022705255532063224,-0.015388552073976047,9.745639071941309,4.426864729837377e-15
coupled_corr_top1,kalman_ar1,6,18252,78,0.0011571117912896334,-0.0005984693072852654,0.003328502514155883,-1.0113489535326103,0.3150169630949408
coupled_corr_top1,kalman_own_ridge,6,18252,78,-0.014936076072921356,-0.017864998191709926,-0.012418545779398854,8.859341203813969,2.239046981220757e-13
coupled_corr_top1,kalman_corr_top1,6,18252,78,-0.011690806071884108,-0.015160740896051244,-0.008185278128186469,6.377049973217065,1.224193760111888e-08
gbm_own,ridge_own,1,19422,83,-0.011816466765098621,-0.016181262690945285,-0.008001251159168584,6.366947615557085,1.050194528964667e-08
gbm_corr_top1,ridge_corr_top1,1,19422,83,-0.010115689452214305,-0.01398233353899463,-0.006756691698931579,5.068056213766161,2.4418426708468013e-06
gbm_corr_top1,gbm_own,1,19422,83,0.004752235149942274,0.000649234474705912,0.009716272369098979,-2.141612994118923,0.03519224712268593
ridge_corr_top1_2hop,ridge_corr_top1,1,19422,83,-0.000499569709692782,-0.0008208696239992263,-0.00018388460187948624,2.9062186242489436,0.004702611060842935
gbm_corr_top1_2hop,gbm_corr_top1,1,19422,83,-0.001578091547791871,-0.003481157776023336,0.00029028691793562243,1.629371302385359,0.10707032713396619
mlp_corr_top1_s0,ridge_corr_top1,1,19422,83,-0.015717800199550824,-0.020310257523086676,-0.011710509938649393,6.781700806953132,1.6948184618263762e-09
mlp_own_s0,ridge_own,1,19422,83,-0.018404688195460706,-0.02736518392560579,-0.0111753672178152,4.9842127436722965,3.409499153921751e-06
gbm_own,ridge_own,2,19188,82,-0.009510184029791091,-0.0118059699399656,-0.007318855406365066,7.976095296113433,8.372872311729303e-12
gbm_corr_top1,ridge_corr_top1,2,19188,82,-0.009460677691864428,-0.013038690562634658,-0.00647158280837913,5.504548142329327,4.230912470455816e-07
gbm_corr_top1,gbm_own,2,19188,82,-0.0009223277258219031,-0.006341068822339502,0.004924048190661945,0.3366850231852775,0.7372251080708404
ridge_corr_top1_2hop,ridge_corr_top1,2,19188,82,-0.0012376574179486788,-0.0018722405619930771,-0.0006301628610537736,3.988854587483936,0.0001447907995507336
gbm_corr_top1_2hop,gbm_corr_top1,2,19188,82,-0.0019004624863547814,-0.0047441438603606275,0.0007288492173017734,1.3898419485866753,0.1683849444415561
mlp_corr_top1_s0,ridge_corr_top1,2,19188,82,-0.010146087121933656,-0.014005494142353215,-0.00676589825173991,5.701305339407157,1.8674295529968146e-07
mlp_own_s0,ridge_own,2,19188,82,-0.017501180101335834,-0.022967102238812438,-0.012484359666710623,6.935041450345416,8.998848764729236e-10
gbm_own,ridge_own,3,18954,81,-0.015427096586202671,-0.019655882109945105,-0.012172735393224648,7.209148140609167,2.8050217525370936e-10
gbm_corr_top1,ridge_corr_top1,3,18954,81,-0.014918210405984178,-0.019242227835744558,-0.011477944212320308,6.965076322703291,8.28046483980671e-10
gbm_corr_top1,gbm_own,3,18954,81,-0.0014131812779409891,-0.006825223666745433,0.004361757199255283,0.5000293018938321,0.6184271065696773
ridge_corr_top1_2hop,ridge_corr_top1,3,18954,81,-0.0015105891828457452,-0.0024462806135818194,-0.0007010223879230506,3.201310414193654,0.0019631735072086634
gbm_corr_top1_2hop,gbm_corr_top1,3,18954,81,-0.0037373477279458722,-0.007538358425058711,-0.0002614803599796275,1.9178996990430817,0.05869220257539102
mlp_corr_top1_s0,ridge_corr_top1,3,18954,81,-0.020279291272050193,-0.027265488879308068,-0.015325025303091561,5.947967094454478,6.80928253829644e-08
mlp_own_s0,ridge_own,3,18954,81,-0.020609042892839824,-0.027649496670532115,-0.014565449046826037,5.917127060472296,7.75782653289252e-08
