name,dm_stat,p,a_better,bh_threshold,significant
E_Lower_Lake_Chad,-5.7447404890967535,1.5142621327106762e-07,True,0.0004273504273504274,True
R_Niger_River,-5.679189277187102,1.9944830317443245e-07,True,0.0008547008547008548,True
E_Rift_Valley,-5.005393682623844,3.1345331113634844e-06,True,0.001282051282051282,True
C_Ziya_He_Interior_Coast,-4.891241037638393,4.9217036286526675e-06,True,0.0017094017094017096,True
E_Lake_Rukwa_Basin,-4.140688104088461,8.356093768227757e-05,True,0.002136752136752137,True
R_Mackenzie_River,-3.906016356708411,0.00019193695269865475,True,0.002564102564102564,True
C_East_Central_Africa_Coast,-3.5468780727080316,0.000647711683880695,True,0.0029914529914529917,True
R_Nile_River,-3.364645420438008,0.001167668339137577,True,0.0034188034188034192,True
R_Yenisey_River,3.3094681502556447,0.0013903740029837413,False,0.0038461538461538464,True
R_Shebelli_Juba_Rivers,-3.284925170097415,0.0015017475769706296,True,0.004273504273504274,True
C_South_Africa_South_Coast,-3.220872636426227,0.0018330931144002307,True,0.0047008547008547015,True
C_Greater_Dniester_Basin,-3.2023674143858276,0.0019408711253682028,True,0.005128205128205128,True
E_Upper_Lake_Chad,-3.161348459618976,0.0022012409128402233,True,0.005555555555555556,True
R_Yukon_River,3.156164714717049,0.0022363730066924502,False,0.005982905982905983,True
C_South_Chile_South_Pacific_Coast,-3.1325866530291844,0.002402871265688886,True,0.00641025641025641,True
C_Yellow_Sea_Coast,-3.093743579458514,0.0027025712250031892,True,0.0068376068376068385,True
C_Indian_Ocean_Africa_Coast,-3.026310137634421,0.0033068287184535913,True,0.007264957264957266,True
C_East_Brazil_South_Atlantic_Coast,-2.930813257390314,0.004378753691569671,True,0.007692307692307693,True
E_Junggar_Pendi,-2.908098148214746,0.0046771033987419485,True,0.00811965811965812,True
R_Sao_Francisco_River,-2.8989657127472257,0.004802249661447388,True,0.008547008547008548,True
R_Indus_River,-2.8941828751611407,0.0048690155564446135,True,0.008974358974358975,True
C_Novaya_Zemlya,-2.7533849619853292,0.007261434825537321,True,0.009401709401709403,True
E_Turpan_Pendi,-2.6068532904458666,0.010852458617926794,True,0.009829059829059829,False
E_Saharan_and_Algerian_Atlas,-2.595450195186349,0.011190283537591748,True,0.010256410256410256,False
C_Angola_Coast,2.53991309695842,0.012975452259781731,False,0.010683760683760684,False
C_Victoria_Island,-2.5317186130848732,0.013259545031931,True,0.011111111111111112,False
C_Buor_Khaya_Gulf_Coast,2.5113449739778777,0.013990291472173568,False,0.011538461538461539,False
C_North_Korea_Bay_Korean_Peninsula,-2.471954177394383,0.015506543585345442,True,0.011965811965811967,False
C_Central_American_Pacific_Coast,-2.4609811573014557,0.015954370642813322,True,0.012393162393162394,False
C_Svalbard,-2.4509237225539913,0.016374965326287197,True,0.01282051282051282,False
E_Northern_Kordofan,-2.4471713848771444,0.01653440878631466,True,0.01324786324786325,False
E_Jordan_Northwest_Saudi_Arabia,-2.4071023363331494,0.018325580869804566,True,0.013675213675213677,False
C_Madagascar,2.3976842793570583,0.018770918499816786,False,0.014102564102564103,False
C_South_Hudson_Strait_Ungava_Bay_Coast,-2.3767939647362746,0.019793294018387083,True,0.014529914529914532,False
C_Severnaya_Zemlya,-2.345751217356649,0.021404023904014687,True,0.014957264957264958,False
C_Melville_Prince_Patrick_Islands,-2.310931502345004,0.023348107089359502,True,0.015384615384615385,False
C_South_Baffin_Island_Coast,-2.245243433713205,0.027444272810359178,True,0.01581196581196581,False
C_Ireland,-2.20677651050865,0.030125461668304095,True,0.01623931623931624,False
C_South_East_Russia_Coast,-2.1965584986848725,0.030875128803292316,True,0.016666666666666666,False
C_North_Gulf_of_Oman_Coast,-2.1825511353413205,0.03192928732150293,True,0.017094017094017096,False
C_Sumatra,-2.1814555474184987,0.03201304808740166,True,0.01752136752136752,False
R_Congo_River,-2.169937890852624,0.032905275849903756,True,0.01794871794871795,False
E_Tarim_He_Lop_Nur,-2.167713728275867,0.033080048770758756,True,0.018376068376068377,False
C_South_East_Brazil_Coast,-2.167470532587812,0.033099207878189034,True,0.018803418803418806,False
C_South_Amapa_Coast,-2.160123197439157,0.033682613069745,True,0.019230769230769232,False
R_Ganges_Bramaputra_Basin,-2.1534387793872627,0.03422113978510984,True,0.019658119658119658,False
C_West_Nile_Delta,-2.1175351760762253,0.03724371774971044,True,0.020085470085470087,False
C_Gydan_Bay_Coast,2.0544643168059555,0.043115479180406875,False,0.020512820512820513,False
R_Parnaiba_River,-2.034365705593711,0.0451468369195389,True,0.020940170940170942,False
C_Balkan_Peninsula_and_Adriatic_Coast,2.021401016592087,0.0465003246936497,False,0.021367521367521368,False
C_Northwest_Mediterranean_Coast,-2.0093550942606457,0.047788920403158436,True,0.021794871794871797,False
C_Northwest_Hudson_Bay_Coast,-1.9520254349127044,0.0543483521068353,True,0.022222222222222223,False
C_North_St_Lawrence_Seaway_Coast,-1.9486317885228088,0.054759540864020566,True,0.022649572649572652,False
E_East_Gobi_Desert,-1.921781697949294,0.058106883949063395,True,0.023076923076923078,False
C_Yenisey_Gulf_Coast,1.8939234460123173,0.06176131464611034,False,0.023504273504273504,False
C_Oregon_Coast,-1.8798071667537875,0.06368585890098323,True,0.023931623931623933,False
C_South_Africa_West_Coast,-1.8738703389616809,0.0645101978377652,True,0.02435897435897436,False
C_Japan,-1.8728813218844915,0.06464839232023849,True,0.02478632478632479,False
C_Southwest_Hudson_Bay_Coast,-1.8538842229737473,0.06735149219196689,True,0.025213675213675214,False
C_Bismark_Sea_Islands,-1.850102921680637,0.06790068671982909,True,0.02564102564102564,False
C_East_Hudson_Bay_Coast,-1.8440837351138466,0.06878264531578743,True,0.026068376068376073,False
R_Magdalena_River,1.8245985595396867,0.07170368881629674,False,0.0264957264957265,False
C_Iceland,1.7711148335314997,0.08025735630068108,False,0.026923076923076925,False
C_North_East_Bay_of_Bengal_Coast,-1.7680912709846615,0.08076512323008538,True,0.027350427350427354,False
R_Tocantins_River,-1.7654979512062516,0.08120275033823224,True,0.02777777777777778,False
C_Gulf_of_Guinea_Coast,-1.763367629440651,0.08156371048094803,True,0.028205128205128206,False
C_South_Gulf_of_Aden_Coast,-1.7597109410582872,0.08218638755287469,True,0.02863247863247863,False
R_Yangtze_River,-1.7420683621478574,0.08524603566348642,True,0.029059829059829064,False
R_Senegal_River,-1.7380193849979038,0.08596130191729971,True,0.02948717948717949,False
E_North_Plateau_of_Tibet,1.728386343293387,0.08768287608507865,False,0.029914529914529916,False
C_New_Siberian_Islands,1.716808151892183,0.08978945187743809,False,0.03034188034188034,False
E_Farahrud_Helmand_Hamun_i_Mashkel,-1.7055325325377146,0.0918806798031504,True,0.03076923076923077,False
R_Limpopo_River,-1.6969954507376714,0.09349037593718441,True,0.031196581196581197,False
C_New_Zealand_South_Island,1.6941307039694227,0.09403566931268734,False,0.03162393162393162,False
C_Seward_Peninsula_Alaskan_North_Slope,1.6565131752851359,0.10143979890903654,False,0.032051282051282055,False
C_Churchill_Seal_Rivers,-1.6325960819950944,0.10638842769214238,True,0.03247863247863248,False
C_Uruguay_South_Brazil_Coast,1.6317841598434586,0.1065597825092535,False,0.03290598290598291,False
C_East_Beaufort_Sea_Amundsen_Gulf_Coast,1.623001632624351,0.10842759284307274,False,0.03333333333333333,False
C_North_Brazil_South_Atlantic_Coast,-1.619863439274854,0.10910136715093056,True,0.033760683760683766,False
C_Uda_Basin,-1.6143265832431073,0.11029835686958538,True,0.03418803418803419,False
C_Malaysian_Peninsula_Coast,-1.6130718718116233,0.11057107073824189,True,0.03461538461538462,False
R_Columbia_River,-1.6091128209816576,0.11143513453520568,True,0.03504273504273504,False
C_Northeast_South_America_Coast,-1.5913963595962417,0.11536842995849603,True,0.035470085470085476,False
C_Ellef_Ringnes_Bathurst_Devon_Islands,1.5713006959883085,0.11996368118777023,False,0.0358974358974359,False
C_Ellesmere_Island,1.5537727521912053,0.12408991530905057,False,0.03632478632478633,False
C_North_West_Africa_Coast,-1.5368962853202264,0.12816858177649043,True,0.03675213675213675,False
C_East_Ob_Bay_Coast,1.5323673385515018,0.12928100213374802,False,0.03717948717948718,False
C_East_Red_Sea_North_Gulf_of_Aden_Coast,-1.52613206071594,0.13082501733934038,True,0.03760683760683761,False
E_Great_Basin_Great_Salt_Lake,-1.4725611318206664,0.14469746028840882,True,0.03803418803418804,False
E_Badain_Jaran_Desert,1.4382827444095152,0.15415961523700852,False,0.038461538461538464,False
C_East_Mediterranean_Coast,-1.436833602149213,0.15456994507061622,True,0.03888888888888889,False
R_Colorado_River_Argentina,1.4350241124191117,0.15508349419267006,False,0.039316239316239315,False
E_Central_Iran,-1.4243282504245702,0.15814606273150145,True,0.03974358974358974,False
R_Ob_River,1.4199291544724222,0.15941912028489336,False,0.040170940170940174,False
R_Colorado_River_of_the_West_North_America,-1.4151414986593438,0.16081357921476647,True,0.0405982905982906,False
R_Dnieper_River,1.407585987047052,0.16303327400363307,False,0.041025641025641026,False
R_Mekong_River,-1.3985931939022045,0.16570580108703453,True,0.04145299145299146,False
C_Nigerian_Delta,-1.386960363387111,0.16921254220338555,True,0.041880341880341884,False
C_North_Siberia_Coast,1.3790926205680922,0.1716162372154479,False,0.04230769230769231,False
R_Murray_Darling_River,1.369325540832348,0.17463630720462753,False,0.042735042735042736,False
C_East_Caspian_Sea_Coast,-1.368413181848806,0.17492046768864364,True,0.04316239316239317,False
C_Sardinia_and_Corsica,1.3578151307874444,0.17824709909013867,False,0.043589743589743594,False
C_US_North_Atlantic_Coast,1.339023859223355,0.1842630481988507,False,0.04401709401709402,False
E_Plateau_of_Tibet,1.3387378863169384,0.184355769647491,False,0.044444444444444446,False
R_Amazon_River,-1.3376224094933635,0.18471777865902345,True,0.04487179487179488,False
C_Bight_of_Benin_Coast,-1.3117012092986355,0.19328160627177274,True,0.045299145299145305,False
E_Australia_Northwest_Plateau,1.3051089263879432,0.19550621387773812,False,0.04572649572649573,False
C_East_Australia_Coast,1.3042672684143373,0.19579160729166453,False,0.046153846153846156,False
C_Puerto_Rico,-1.2978769157613999,0.1979686284712317,True,0.04658119658119658,False
E_Egyptian_Western_Desert,-1.2838463538950167,0.20281163337406297,True,0.04700854700854701,False
C_Tasmania,-1.2743578640622366,0.20613629158227395,True,0.047435897435897434,False
C_Irrawaddy_Sittang_Salween_Basin,-1.256194178852849,0.21261277111269822,True,0.04786324786324787,False
C_Crimea_West_Azov_Sea_Coast,-1.2530828104116953,0.21373702065305683,True,0.04829059829059829,False
E_Sahara,1.2285788912652307,0.2227441233982553,False,0.04871794871794872,False
C_Namibia_Coast,-1.216118381554438,0.22742907556018485,True,0.049145299145299144,False
C_Philippines,1.215409092317475,0.227697892858365,False,0.04957264957264958,False
C_Aleutians_South_Alaska_Coast,1.204853274793198,0.23172577766521965,False,0.05,False
C_South_Zambezia_Coast,-1.1866467900504147,0.23879360456823848,True,0.05042735042735043,False
C_West_Barents_Sea_Coast,1.1862145176912675,0.23896327693309508,False,0.050854700854700854,False
C_Chukchi_Peninsula,1.1851361423404276,0.23938693040896925,False,0.05128205128205128,False
C_Halmahera_Islands,-1.1518524430915154,0.2527289810009124,True,0.05170940170940172,False
C_Hainan,1.1438305151295816,0.2560221031416701,False,0.052136752136752146,False
R_Mississippi_River,-1.1113541522580141,0.26966389896540677,True,0.05256410256410257,False
C_Southwest_Mediterranean_Coast,-1.1044692681449675,0.2726200073432308,True,0.052991452991453,False
C_Hokkaido,-1.1036517234673868,0.2729725241823231,True,0.05341880341880342,False
R_Parana_River,1.0984998386708034,0.2752012678423917,False,0.05384615384615385,False
C_Cuba,1.0910009014321629,0.27846791653374187,False,0.054273504273504275,False
C_Neva_River_Finland_Coast,1.0740982647615736,0.2859292007809265,False,0.05470085470085471,False
C_New_Brunswick_and_Nova_Scotia_Coast,1.054736506368782,0.2946436883632853,False,0.055128205128205134,False
E_Lakes_Balkash_Alakol,-1.0406379258007448,0.3011022269420661,True,0.05555555555555556,False
C_Borneo,-1.0304854889899178,0.3058120926871808,True,0.055982905982905985,False
E_Dayan_Khyargas_Uvs_Nuur_Basins,1.00520345202033,0.3177559779517392,False,0.05641025641025641,False
C_Deccan_Plateau_East_Indian_Subcontinent_Coast,-1.004329343246861,0.3181744251957129,True,0.05683760683760684,False
C_East_Azov_Sea_Northeast_Black_Sea_Coast,-1.003273529790505,0.31868034683391055,True,0.05726495726495726,False
C_South_Alaska_Coast_Frazer_River,-0.9991865488614526,0.3206437892345995,True,0.05769230769230769,False
C_West_Caspian_Sea_Coast,0.9627484523145105,0.33850431833584593,False,0.05811965811965813,False
E_Rub_al_Khali_Desert,-0.9609148524790702,0.33941995235715355,True,0.058547008547008554,False
R_Don_River,-0.9552914633867667,0.34223814953173337,True,0.05897435897435898,False
R_Lena_River,0.9470094215494762,0.34641641671721596,False,0.059401709401709406,False
C_California_and_Baja_California,-0.9250031160415794,0.35767851403140366,True,0.05982905982905983,False
C_West_Italy_Coast,0.9093551383472092,0.36582780584777264,False,0.06025641025641026,False
C_Denmark_Germany_Coast,0.9039916557368335,0.3686479950691214,False,0.06068376068376068,False
E_North_Central_Arabia,0.8965683794441098,0.37257391174024523,False,0.061111111111111116,False
C_West_Australia_Coast,-0.8732297056085557,0.38508793266867153,True,0.06153846153846154,False
C_North_Caspian_Sea_Coast,-0.8677987405366345,0.3880370903259243,True,0.06196581196581197,False
C_Hispaniola,-0.8259457721247415,0.411231518472582,True,0.062393162393162394,False
C_New_Zealand_North_Island,-0.7953902776758638,0.42868290282826077,True,0.06282051282051282,False
R_Saint_Lawrence_River,-0.7780840626061463,0.438758794490986,True,0.06324786324786325,False
E_Amu_Darya,-0.7642135042739505,0.44693354413940894,True,0.06367521367521367,False
C_Southhampton_Coats_Islands,-0.7162079911271146,0.4758977024770346,True,0.06410256410256411,False
E_Salinas_Grande_Mar_Chiquita,-0.7150684001983575,0.4765977854079648,True,0.06452991452991454,False
C_Taiwan,-0.7140831874567367,0.47720349217964625,True,0.06495726495726496,False
R_Rio_Grande_Rio_Bravo,-0.7113961386893828,0.4788576630693868,True,0.06538461538461539,False
C_Peru_Pacific_Coast,0.7068110015612147,0.4816876628588834,False,0.06581196581196581,False
C_Kamchatka_Peninsula,-0.7063291411105813,0.48198560989639744,True,0.06623931623931624,False
R_Saskatchewan_Nelson_Rivers,-0.700926075023578,0.48533344720683674,True,0.06666666666666667,False
C_Yamal_Peninsula,0.6894168301837971,0.4925073315029426,False,0.06709401709401709,False
C_Sri_Lanka,-0.6788437607455624,0.4991483816407639,True,0.06752136752136753,False
R_Zambezi_River,-0.675706196349586,0.5011283993563499,True,0.06794871794871796,False
C_North_Chile_South_Pacific_Coast,-0.6707661482054839,0.5042544765707643,True,0.06837606837606838,False
C_East_Barents_Sea_Coast,0.6576635031031016,0.5125963502571922,False,0.06880341880341881,False
C_West_Red_Sea_Coast,-0.6575135616341238,0.5126922335653062,True,0.06923076923076923,False
C_Norway_Coast,0.6560324244328397,0.5136398899293849,False,0.06965811965811966,False
E_Syr_Darya,0.6517252333825098,0.5164009697097386,False,0.07008547008547009,False
C_Papua_New_Guinea_Island,0.6287875208579822,0.5312358733695567,False,0.07051282051282053,False
E_Altai_Mountains,-0.6282198139773985,0.531605808653658,True,0.07094017094017095,False
C_Prince_of_Wales_Island,-0.6241579887077173,0.5342564927134619,True,0.07136752136752138,False
C_Hub_Porali_Basin,-0.6188616877923953,0.5377229541262826,True,0.0717948717948718,False
E_La_Puna_Altiplano,-0.5993480633679298,0.5505932223280925,True,0.07222222222222223,False
C_Jamaica,-0.596670453653364,0.5523712232408183,True,0.07264957264957266,False
C_Maluku,-0.5784862388306949,0.5645213837659963,True,0.07307692307692308,False
C_Central_America_Gulf_of_Mexico_Caribbean_Coast,-0.5711631715636981,0.569451177990824,True,0.0735042735042735,False
E_Qinghai_Lake,-0.554215925907699,0.580939434489715,True,0.07393162393162393,False
C_Solomon_Islands,-0.5354851361002956,0.5937638205592459,True,0.07435897435897436,False
C_Somerset_Island,0.5310309646871432,0.5968327640712553,False,0.07478632478632478,False
C_West_Continental_Europe,-0.5253413122732351,0.6007636167574434,True,0.07521367521367522,False
C_Great_Britain,0.5214933051154333,0.6034288528295477,False,0.07564102564102565,False
C_Gulf_of_Darien_Coast,0.5190388085909045,0.605131728111874,False,0.07606837606837608,False
C_Sicily,0.5173113274794932,0.6063315297769322,False,0.0764957264957265,False
C_Beaufort_Sea_Coast,-0.5082608297969811,0.61263507347434,True,0.07692307692307693,False
C_La_Plata_Delta,-0.4788454598175354,0.6333229967162569,True,0.07735042735042735,False
C_North_Argentina_South_Atlantic_Coast,0.4719242827941463,0.6382342451836683,False,0.07777777777777778,False
R_Orinoco_River,-0.4680149487357036,0.6410154779421345,True,0.0782051282051282,False
C_US_East_Gulf_of_Mexico_North_Atlantic_Coast,-0.46297646881834653,0.6446076024118133,True,0.07863247863247863,False
C_East_Timor_Islands,-0.4549524311817716,0.650345699507925,True,0.07905982905982906,False
R_Orange_River,-0.45249893374933137,0.6521044718933894,True,0.07948717948717948,False
C_South_Mediterranean_Coast,0.44013871442707986,0.6609946350948678,False,0.07991452991452992,False
C_Java,-0.4337429275677661,0.6656141401493334,True,0.08034188034188035,False
C_Iberian_Atlantic_Coast,-0.4271311924759901,0.670403240519083,True,0.08076923076923077,False
R_Volga_River,-0.4171366925611431,0.6776685013369248,True,0.0811965811965812,False
R_Volta_River,0.4007952598133925,0.6896132794356009,False,0.08162393162393163,False
C_Texas_Gulf_Coast,0.39887618068501074,0.6910212860025804,False,0.08205128205128205,False
C_East_China_Coast,-0.39884240560270207,0.6910460761636769,True,0.08247863247863248,False
E_Central_Mongolia,-0.38745014654704496,0.699426836293206,True,0.08290598290598292,False
C_Thar_Desert_Sabarmati_River_Gulf_of_Cambay_Luni_Delta,0.36498349715663203,0.7160634002897395,False,0.08333333333333334,False
E_Great_Victoria_Desert,0.3495265140498359,0.7275901281694185,False,0.08376068376068377,False
C_South_Australia_Coast,0.3329024145110172,0.7400575793399606,False,0.0841880341880342,False
C_Capim_River_Delta,0.3295236571697927,0.7426001729337258,False,0.08461538461538462,False
C_Chao_Phraya_River_Gulf_of_Thailand_Coast,-0.3062364072439772,0.7602008429127182,True,0.08504273504273505,False
C_Vietnam_Coast,-0.3039554757458487,0.7619317767005854,True,0.08547008547008547,False
C_East_Nile_Delta,0.30198931745136437,0.7634248124551091,False,0.0858974358974359,False
C_North_Vietnam_South_China_Coast,0.3013846448822523,0.7638841613722201,False,0.08632478632478634,False
C_Nusa_Tenggara,-0.2851570254505546,0.7762428458516418,True,0.08675213675213676,False
C_West_Black_Sea_Coast,-0.2653397449809798,0.7914136667463915,True,0.08717948717948719,False
E_South_Interior_Africa,0.2632338442451029,0.793030660051394,False,0.08760683760683761,False
E_Lake_Eyre_Basin,-0.2590332025394463,0.7962587794500627,True,0.08803418803418804,False
C_West_Mississippi_Delta,0.253925247641193,0.800188936823034,False,0.08846153846153847,False
C_North_Australia_Coast,-0.2524284584511957,0.801341576515209,True,0.08888888888888889,False
C_South_Gulf_of_Oman_West_Arabian_Sea_Coast,-0.24685896261535575,0.8056343551852623,True,0.08931623931623933,False
C_South_Baltic_Coast,-0.2310277449141257,0.8178687197143648,True,0.08974358974358976,False
C_India_West_Coast,-0.23072333584364402,0.8181044207838479,True,0.09017094017094018,False
C_Sakhalin_Island,0.21933019988381716,0.8269378778130169,False,0.09059829059829061,False
C_North_East_Siberian_Sea_Coast,-0.21173902835251,0.832836031519667,True,0.09102564102564104,False
R_Amur_River,-0.20298982763092574,0.8396458312757541,True,0.09145299145299146,False
C_South_Black_Sea_Coast,0.19546021135648214,0.8455162107109907,False,0.09188034188034189,False
C_Olenyok_Delta,-0.19253263964471998,0.8478010381236109,True,0.09230769230769231,False
C_West_Africa_Coast,-0.18069661197539177,0.8570515714480598,True,0.09273504273504274,False
C_Carribean_Coast,-0.17960584273054994,0.8579050978483912,True,0.09316239316239316,False
C_Sulawesi,0.15915761298650527,0.8739360548663043,False,0.09358974358974359,False
C_Patagonia,-0.15147242392815047,0.8799750994628952,True,0.09401709401709402,False
C_Banks_Island,-0.14154229363509252,0.8877887151614361,True,0.09444444444444444,False
C_Labrador_Sea_Coast,-0.13085895580300066,0.8962073962991283,True,0.09487179487179487,False
C_East_Mississippi_Delta,-0.1230865448357355,0.9023397540609247,True,0.0952991452991453,False
C_Po_River_and_East_Italy_Coast,-0.11869723815104702,0.905805523075229,True,0.09572649572649573,False
C_Columbia_Ecuador_Pacific_Coast,0.1123257961688373,0.9108396081867917,False,0.09615384615384616,False
C_Canadian_South_Arctic_Ocean_Coast,-0.10927969188378309,0.9132476406928098,True,0.09658119658119659,False
E_Libyian_Desert,-0.10659125165622522,0.9153736043269607,True,0.09700854700854701,False
C_Shelikhov_Gulf_Sea_of_Okhotsk_Coast,-0.10580038171282014,0.9159991262019365,True,0.09743589743589744,False
R_Yellow_River_Huang_He,0.07717927963872617,0.9386689334307404,False,0.09786324786324786,False
C_Amazon_River_Delta,-0.06979674358528823,0.9445253727333545,True,0.09829059829059829,False
R_Tigris_Euphrates_River,0.03930836452233485,0.9687400839362131,False,0.09871794871794873,False
R_Danube_River,0.03234586467259893,0.9742748365576823,False,0.09914529914529915,False
C_North_Baffin_Island_Coast,0.015592148598977175,0.9875976443984507,False,0.09957264957264958,False
C_Sweden_Coast,-0.0055877056305703825,0.9955552508357356,True,0.1,False
