source,challenger,reference,stratum,horizon,n_basins,n_rows,skill_pct,ci_lo_pct,ci_hi_pct,dm_stat,dm_p
phase8,lstmres_corr_top1_ens,lstm_own_era5_ens,all,1,234,19422,0.9077398146805749,0.6417126788609195,1.2154194345912466,-7.391735391923232,1.1047632061352998e-10
phase8,lstmres_corr_top1_ens,lstm_own_era5_ens,all,2,234,19188,1.446956010700251,1.0743221789522477,1.9138209637552215,-7.2408611482105885,2.3031118355396668e-10
phase8,lstmres_corr_top1_ens,lstm_own_era5_ens,all,3,234,18954,1.334137702777194,1.0223346280094248,1.6919606274760117,-6.77304438235014,1.9300186828554637e-09
phase8,lstmres_corr_top1_ens,lstm_own_era5_ens,all,4,234,18720,1.3233607405273795,0.9639545249261741,1.763677388898321,-6.137937575394095,3.143115464844757e-08
phase8,lstmres_corr_top1_ens,lstm_own_era5_ens,all,5,234,18486,1.4198771831945067,1.0583171725644385,1.8355766800627757,-6.526621758596223,6.174978363506912e-09
phase8,lstmres_corr_top1_ens,lstm_own_era5_ens,all,6,234,18252,1.9613194408366397,1.6645566258783058,2.3599615744555638,-8.998470530103988,1.2073472090693242e-13
phase8,lstmres_corr_top1_ens,lstm_own_era5_ens,area_resolved,1,199,16517,0.989118812334544,0.6925676738338749,1.3115942571712524,-7.130867731834959,3.5719713088837833e-10
phase8,lstmres_corr_top1_ens,lstm_own_era5_ens,area_resolved,2,199,16318,1.5894616275803908,1.2109606258549412,2.065136002201456,-7.605898439547782,4.4668943644079986e-11
phase8,lstmres_corr_top1_ens,lstm_own_era5_ens,area_resolved,3,199,16119,1.4287000887783008,1.1161619938139167,1.7904524136928723,-7.156037700168591,3.5521907677683416e-10
phase8,lstmres_corr_top1_ens,lstm_own_era5_ens,area_resolved,4,199,15920,1.4350902800454701,1.0824801072847567,1.86810138890552,-6.664368419662095,3.2508946628959087e-09
phase8,lstmres_corr_top1_ens,lstm_own_era5_ens,area_resolved,5,199,15721,1.5587097098976987,1.2209264564512485,1.9461609351273907,-7.6195273373722285,5.116424505566394e-11
phase8,lstmres_corr_top1_ens,lstm_own_era5_ens,area_resolved,6,199,15522,2.1493977091897487,1.868181769988255,2.537140975047805,-9.993870651192402,1.4850732411986514e-15
phase8,lstmres_corr_top1_ens,lstm_own_era5_ens,area_sub_resolution,1,35,2905,0.6364189511421037,0.3301276336458242,0.9749574991256585,-4.513015808376678,2.1147927414824786e-05
phase8,lstmres_corr_top1_ens,lstm_own_era5_ens,area_sub_resolution,2,35,2870,0.8755621877065134,0.42006123819204905,1.3977706241339483,-3.825047846601507,0.00025591963181939505
phase8,lstmres_corr_top1_ens,lstm_own_era5_ens,area_sub_resolution,3,35,2835,0.9255550537444868,0.4624966821233622,1.4170289193679049,-3.4968055684807346,0.000771482441409963
phase8,lstmres_corr_top1_ens,lstm_own_era5_ens,area_sub_resolution,4,35,2800,0.823158824149206,0.2252185721500324,1.4820414562939295,-2.532554021219053,0.013304962497388422
phase8,lstmres_corr_top1_ens,lstm_own_era5_ens,area_sub_resolution,5,35,2765,0.7731764647029626,0.08543171461949191,1.5105001511507876,-2.0553235816362276,0.04319480400938403
phase8,lstmres_corr_top1_ens,lstm_own_era5_ens,area_sub_resolution,6,35,2730,1.045182722113902,0.42739369392355675,1.696049361217216,-3.0302835891430866,0.0033259415268456823
phase8,lstmres_corr_top1_ens,lstm_own_era5_ens,cont_tercile_low,1,78,6474,0.6874207745863448,0.23103731301940936,1.1541874812454025,-3.5253021937285656,0.0006952194896034389
phase8,lstmres_corr_top1_ens,lstm_own_era5_ens,cont_tercile_low,2,78,6396,1.3075167769380114,0.6854840565795056,2.023673817905243,-4.1467992026692455,8.253317307921351e-05
phase8,lstmres_corr_top1_ens,lstm_own_era5_ens,cont_tercile_low,3,78,6318,1.2912082451371876,0.6950105156080622,1.9564931693494036,-3.548696997832305,0.0006513444204639988
phase8,lstmres_corr_top1_ens,lstm_own_era5_ens,cont_tercile_low,4,78,6240,1.2832512253190709,0.6530296075541164,1.9920425627287002,-3.489492861278071,0.0007944908618977148
phase8,lstmres_corr_top1_ens,lstm_own_era5_ens,cont_tercile_low,5,78,6162,1.3146354927646486,0.49639392094174173,2.1340058370948243,-2.776890704388516,0.006869646811887374
phase8,lstmres_corr_top1_ens,lstm_own_era5_ens,cont_tercile_low,6,78,6084,1.841098877013858,1.0676754898331775,2.712926262671268,-3.838467881167431,0.00025221095313471655
phase8,lstmres_corr_top1_ens,lstm_own_era5_ens,cont_tercile_mid,1,78,6474,1.0916683230091317,0.769302592035054,1.486547577272523,-5.846081479698456,9.868582607834912e-08
phase8,lstmres_corr_top1_ens,lstm_own_era5_ens,cont_tercile_mid,2,78,6396,1.5841633568311142,1.1439809264315421,2.132556670157139,-6.107734149519916,3.337082294075626e-08
phase8,lstmres_corr_top1_ens,lstm_own_era5_ens,cont_tercile_mid,3,78,6318,1.4402960262179687,0.9949813272181304,1.9886168873741332,-4.9169702471560255,4.602055618355318e-06
phase8,lstmres_corr_top1_ens,lstm_own_era5_ens,cont_tercile_mid,4,78,6240,1.334008904591133,0.7541779776335344,1.990568789260067,-4.044236176408805,0.0001212628304114182
phase8,lstmres_corr_top1_ens,lstm_own_era5_ens,cont_tercile_mid,5,78,6162,1.6053809260393903,1.1539689730121248,2.2528675454045137,-5.288657526886708,1.094683609751375e-06
phase8,lstmres_corr_top1_ens,lstm_own_era5_ens,cont_tercile_mid,6,78,6084,2.013128900974448,1.5034497651185414,2.695146163181038,-6.241466478177063,2.1801633914283884e-08
phase8,lstmres_corr_top1_ens,lstm_own_era5_ens,cont_tercile_high,1,78,6474,0.9988147962115779,0.7531447293707277,1.2843317271849548,-7.58542457474786,4.601305575084014e-11
phase8,lstmres_corr_top1_ens,lstm_own_era5_ens,cont_tercile_high,2,78,6396,1.4806068189089805,1.1136246010298807,1.9351066727898876,-7.517519844331735,6.652033695161e-11
phase8,lstmres_corr_top1_ens,lstm_own_era5_ens,cont_tercile_high,3,78,6318,1.2920958190865695,0.9793768103414455,1.6613314561653283,-7.130073672365039,3.986428430412204e-10
phase8,lstmres_corr_top1_ens,lstm_own_era5_ens,cont_tercile_high,4,78,6240,1.35286399634873,0.9849914604824811,1.8345094873420855,-6.2082570806048905,2.3284856577945674e-08
phase8,lstmres_corr_top1_ens,lstm_own_era5_ens,cont_tercile_high,5,78,6162,1.36541065428738,1.0432720510352795,1.7937154746062112,-7.057887226498272,6.111482476702158e-10
phase8,lstmres_corr_top1_ens,lstm_own_era5_ens,cont_tercile_high,6,78,6084,2.033126237742988,1.689369221399805,2.4729910000530557,-9.298297250354883,3.1954877197766916e-14
phase8,lstmres_corr_top1_ens,lstm_own_era5_ens,resolved_x_cont_high,1,57,4731,1.1665680801705824,0.8628240681169788,1.5017644897402476,-6.8174284443263575,1.4463937181295765e-09
phase8,lstmres_corr_top1_ens,lstm_own_era5_ens,resolved_x_cont_high,2,57,4674,1.6324800319257093,1.2065218296413847,2.1329132467751037,-6.988374770486332,7.101371830234148e-10
phase8,lstmres_corr_top1_ens,lstm_own_era5_ens,resolved_x_cont_high,3,57,4617,1.3667013371538084,0.9611967875656482,1.807816409497063,-6.136901605363081,3.047931353357326e-08
phase8,lstmres_corr_top1_ens,lstm_own_era5_ens,resolved_x_cont_high,4,57,4560,1.5529736796440208,1.0857139405134228,2.1446315471310626,-5.719447760121158,1.8308017779240253e-07
phase8,lstmres_corr_top1_ens,lstm_own_era5_ens,resolved_x_cont_high,5,57,4503,1.6968415779541002,1.3033434080401738,2.233101054614853,-7.129745762932391,4.457213181120806e-10
phase8,lstmres_corr_top1_ens,lstm_own_era5_ens,resolved_x_cont_high,6,57,4446,2.4652783694399605,2.047980488474504,3.0528981627733356,-9.628978553898582,7.405555624678487e-15
phase8,lstmres_corr_top1_ens,lstm_own_era5_ens,resolved_x_cont_lowmid,1,142,11786,0.8893944409219312,0.5453139225882334,1.2706433829500037,-5.847259779838153,9.81941903347609e-08
phase8,lstmres_corr_top1_ens,lstm_own_era5_ens,resolved_x_cont_lowmid,2,142,11644,1.5676045638100655,1.1629950679354486,2.0776616467255855,-6.973375242939612,7.59072846192494e-10
phase8,lstmres_corr_top1_ens,lstm_own_era5_ens,resolved_x_cont_lowmid,3,142,11502,1.4591210224594975,1.1192988298053632,1.8499800759195015,-6.598967347210575,4.136450253273076e-09
phase8,lstmres_corr_top1_ens,lstm_own_era5_ens,resolved_x_cont_lowmid,4,142,11360,1.3777568421832642,0.982285810274831,1.8616360099782847,-5.815349095744234,1.2271519069898085e-07
phase8,lstmres_corr_top1_ens,lstm_own_era5_ens,resolved_x_cont_lowmid,5,142,11218,1.4930469702695515,1.1200825288453662,1.9124585298308623,-6.4679755155851195,7.950375959473708e-09
phase8,lstmres_corr_top1_ens,lstm_own_era5_ens,resolved_x_cont_lowmid,6,142,11076,2.0023272590317553,1.663745850341814,2.4263150297955605,-7.963450417555204,1.1960231447490207e-11
phase8,lstmres_corr_top1_ens,lstm_own_era5_ens,sub_x_cont_high,1,21,1743,0.577846924909875,0.23246137036283418,0.9860052973753277,-3.211698622956949,0.0018858046099121146
phase8,lstmres_corr_top1_ens,lstm_own_era5_ens,sub_x_cont_high,2,21,1722,1.0714159759364184,0.6065041503280912,1.6775986724933099,-4.290209344577875,4.902544819931974e-05
phase8,lstmres_corr_top1_ens,lstm_own_era5_ens,sub_x_cont_high,3,21,1701,1.0841945698518485,0.6825546570523988,1.4922576811914359,-5.136426524061941,1.9307367018819803e-06
phase8,lstmres_corr_top1_ens,lstm_own_era5_ens,sub_x_cont_high,4,21,1680,0.7896357759289652,0.46104174512277224,1.2304019490918627,-4.085307228368642,0.00010484488546355126
phase8,lstmres_corr_top1_ens,lstm_own_era5_ens,sub_x_cont_high,5,21,1659,0.42851493843696353,-0.09553667782504492,0.9111633240404664,-1.6389944042148032,0.10524205197433098
phase8,lstmres_corr_top1_ens,lstm_own_era5_ens,sub_x_cont_high,6,21,1638,0.7667534053257818,0.16599821646584578,1.2771391933125766,-2.4164073438563682,0.018042471471515432
phase8,lstmres_corr_top1_ens,lstm_own_era5_ens,sub_x_cont_lowmid,1,14,1162,0.6900572836034735,0.21063208007580683,1.2049547545601262,-2.952805369446316,0.0041067295775572095
phase8,lstmres_corr_top1_ens,lstm_own_era5_ens,sub_x_cont_lowmid,2,14,1148,0.678621436840654,0.019680671397834526,1.3927491722461616,-2.052678591314981,0.04333236172295843
phase8,lstmres_corr_top1_ens,lstm_own_era5_ens,sub_x_cont_lowmid,3,14,1134,0.7601971521900008,0.008762021636157804,1.5365442047106952,-1.7792072124622842,0.07900401979696743
phase8,lstmres_corr_top1_ens,lstm_own_era5_ens,sub_x_cont_lowmid,4,14,1120,0.8595434720405137,-0.21898258799744494,1.967833956396101,-1.4448023908348453,0.1524682615859841
phase8,lstmres_corr_top1_ens,lstm_own_era5_ens,sub_x_cont_lowmid,5,14,1106,1.1632968730863835,0.06373285633700265,2.3144692227692167,-1.8070208991582626,0.07461517525022687
phase8,lstmres_corr_top1_ens,lstm_own_era5_ens,sub_x_cont_lowmid,6,14,1092,1.356726747818382,0.45391695154263273,2.28164054715039,-2.450304186137499,0.016542931527806573
phase8,lstmres_corr_top1_s0,lstm_own_era5_s0,all,1,234,19422,0.6394433176768355,0.32489263097960935,0.9850259968834643,-4.559035963497579,1.7767123643482566e-05
phase8,lstmres_corr_top1_s0,lstm_own_era5_s0,all,2,234,19188,1.3304647156896388,0.9394109079174099,1.824150699894545,-6.43739019158502,8.028979765763556e-09
phase8,lstmres_corr_top1_s0,lstm_own_era5_s0,all,3,234,18954,1.2878128612599071,0.986538213063492,1.6516784997727307,-6.68203136587831,2.876838653575039e-09
phase8,lstmres_corr_top1_s0,lstm_own_era5_s0,all,4,234,18720,1.2556043997750899,0.9125787664928853,1.7177980646643614,-5.757446514477001,1.5628694030718579e-07
phase8,lstmres_corr_top1_s0,lstm_own_era5_s0,all,5,234,18486,1.5122804471380924,1.2046849960760424,1.899664890376107,-7.63898475007797,4.692967718965002e-11
phase8,lstmres_corr_top1_s0,lstm_own_era5_s0,all,6,234,18252,1.8964770836922829,1.6221108312713415,2.278518799541676,-9.643815360500774,6.9361820035441275e-15
phase8,lstmres_corr_top1_s0,lstm_own_era5_s0,area_resolved,1,199,16517,0.7158513248800902,0.34869409372380145,1.0919767214089284,-4.4034629571548685,3.189529934206771e-05
phase8,lstmres_corr_top1_s0,lstm_own_era5_s0,area_resolved,2,199,16318,1.483043239249271,1.0585818149214516,2.0078888385349223,-6.611565645954405,3.750048632297641e-09
phase8,lstmres_corr_top1_s0,lstm_own_era5_s0,area_resolved,3,199,16119,1.3951365055970943,1.0894719169747946,1.7577942938896602,-7.153615135935415,3.590633876188282e-10
phase8,lstmres_corr_top1_s0,lstm_own_era5_s0,area_resolved,4,199,15920,1.3717289262009214,1.009811340102358,1.8306266947559335,-6.100310062232028,3.6888293511378927e-08
phase8,lstmres_corr_top1_s0,lstm_own_era5_s0,area_resolved,5,199,15721,1.6747216551019184,1.4118857447994908,2.032305286527955,-9.32230107268293,2.5608764509985334e-14
phase8,lstmres_corr_top1_s0,lstm_own_era5_s0,area_resolved,6,199,15522,2.1299845050628097,1.8269763364083689,2.563754884303308,-10.027005640019784,1.2839746680787567e-15
phase8,lstmres_corr_top1_s0,lstm_own_era5_s0,area_sub_resolution,1,35,2905,0.3851276289379091,0.0818133447207986,0.7206735529639783,-2.5543061995498144,0.012489706163497006
phase8,lstmres_corr_top1_s0,lstm_own_era5_s0,area_sub_resolution,2,35,2870,0.7208151654169659,0.28555901382176396,1.2325705882207596,-3.212624632107204,0.0018881194832304263
phase8,lstmres_corr_top1_s0,lstm_own_era5_s0,area_sub_resolution,3,35,2835,0.8249417597783859,0.35444728647663765,1.324890679060603,-3.069771453488887,0.0029251773016828416
phase8,lstmres_corr_top1_s0,lstm_own_era5_s0,area_sub_resolution,4,35,2800,0.7383064579580711,0.13552867459507484,1.4739877624187891,-2.1054882674560673,0.038425707009294
phase8,lstmres_corr_top1_s0,lstm_own_era5_s0,area_sub_resolution,5,35,2765,0.7609834026141793,0.002002454676132138,1.5951373209238686,-1.8580153686140535,0.06694016847637684
phase8,lstmres_corr_top1_s0,lstm_own_era5_s0,area_sub_resolution,6,35,2730,0.7678992227578285,0.39105582614165774,1.142872714848875,-3.4259065567516735,0.0009857728385072565
phase8,lstmres_corr_top1_s0,lstm_own_era5_s0,cont_tercile_low,1,78,6474,0.4843634877540248,0.007184419777779007,0.9657360097250745,-2.34140307859718,0.021638682529283606
phase8,lstmres_corr_top1_s0,lstm_own_era5_s0,cont_tercile_low,2,78,6396,1.1673095628872199,0.5601828310455809,1.8455647826036794,-3.925659653315351,0.0001806700457356721
phase8,lstmres_corr_top1_s0,lstm_own_era5_s0,cont_tercile_low,3,78,6318,1.2037753527337824,0.6112241552099679,1.854197397371324,-3.421589336544096,0.0009833222065832384
phase8,lstmres_corr_top1_s0,lstm_own_era5_s0,cont_tercile_low,4,78,6240,1.2257412882059948,0.6471230406965747,1.9000364912760814,-3.6241716245631483,0.0005110906942173875
phase8,lstmres_corr_top1_s0,lstm_own_era5_s0,cont_tercile_low,5,78,6162,1.5913383474490894,0.8428815084655719,2.384161070850056,-3.5614520276804846,0.0006323579218510228
phase8,lstmres_corr_top1_s0,lstm_own_era5_s0,cont_tercile_low,6,78,6084,1.729994175092664,1.2263124796481395,2.41924567903863,-4.734560525002856,9.802541417732293e-06
phase8,lstmres_corr_top1_s0,lstm_own_era5_s0,cont_tercile_mid,1,78,6474,0.7403571720403623,0.347499099248576,1.1742449550664098,-3.602854980776195,0.000538381911059954
phase8,lstmres_corr_top1_s0,lstm_own_era5_s0,cont_tercile_mid,2,78,6396,1.406220577950923,0.9276223709967211,2.025291710313954,-5.08993027871114,2.279837177759687e-06
phase8,lstmres_corr_top1_s0,lstm_own_era5_s0,cont_tercile_mid,3,78,6318,1.4554453963097402,0.9974255303805708,2.042854492739752,-4.746342308777228,8.930880636224946e-06
phase8,lstmres_corr_top1_s0,lstm_own_era5_s0,cont_tercile_mid,4,78,6240,1.2917064138502021,0.6318079131669726,1.9893180868102551,-3.5525803114379717,0.0006469814191087631
phase8,lstmres_corr_top1_s0,lstm_own_era5_s0,cont_tercile_mid,5,78,6162,1.6379689163863898,1.2223345293921073,2.3087637788977537,-5.344076039114375,8.756179250793412e-07
phase8,lstmres_corr_top1_s0,lstm_own_era5_s0,cont_tercile_mid,6,78,6084,1.9230004479739882,1.3730980618234778,2.600905839748769,-5.753421211180514,1.6868442781009796e-07
phase8,lstmres_corr_top1_s0,lstm_own_era5_s0,cont_tercile_high,1,78,6474,0.7222978973175254,0.46292609409515323,1.0119392145007071,-5.3651973761466865,7.333054530070969e-07
phase8,lstmres_corr_top1_s0,lstm_own_era5_s0,cont_tercile_high,2,78,6396,1.431743655937301,1.0203691037154354,1.9409737011792327,-6.59412732477164,4.048036648932566e-09
phase8,lstmres_corr_top1_s0,lstm_own_era5_s0,cont_tercile_high,3,78,6318,1.2371221312117986,0.8981702360398202,1.643594026292601,-6.31099710158555,1.443178990681986e-08
phase8,lstmres_corr_top1_s0,lstm_own_era5_s0,cont_tercile_high,4,78,6240,1.2548010998928882,0.8427005025799872,1.7961964504405876,-5.025964041331578,3.0530641670962003e-06
phase8,lstmres_corr_top1_s0,lstm_own_era5_s0,cont_tercile_high,5,78,6162,1.332720119272346,1.0165862517440991,1.7499991694038164,-7.211372432935964,3.112087653152892e-10
phase8,lstmres_corr_top1_s0,lstm_own_era5_s0,cont_tercile_high,6,78,6084,2.0347926038230435,1.6519979518751098,2.5297063978351972,-8.891249969266063,1.9432603704270927e-13
phase8,lstmres_corr_top1_s0,lstm_own_era5_s0,resolved_x_cont_high,1,57,4731,0.9231695344041002,0.6238132215046471,1.2491235854489575,-5.499566686723979,4.2159218809897125e-07
phase8,lstmres_corr_top1_s0,lstm_own_era5_s0,resolved_x_cont_high,2,57,4674,1.5444946540646542,1.0598946592383565,2.114758232214043,-6.005237559835008,5.1717674042263565e-08
phase8,lstmres_corr_top1_s0,lstm_own_era5_s0,resolved_x_cont_high,3,57,4617,1.3438385005068332,0.920559102237982,1.8061120565570168,-5.732924395411142,1.6822184163527494e-07
phase8,lstmres_corr_top1_s0,lstm_own_era5_s0,resolved_x_cont_high,4,57,4560,1.4901794862877793,0.9946069603985327,2.1180944541488977,-5.074342992383826,2.5214493262506096e-06
phase8,lstmres_corr_top1_s0,lstm_own_era5_s0,resolved_x_cont_high,5,57,4503,1.708261565683411,1.345363507719644,2.2556319734447032,-7.775551292868398,2.5575321864126742e-11
phase8,lstmres_corr_top1_s0,lstm_own_era5_s0,resolved_x_cont_high,6,57,4446,2.418879607025315,1.8918091743259042,3.106907005802783,-8.343309506826197,2.2163806028002284e-12
phase8,lstmres_corr_top1_s0,lstm_own_era5_s0,resolved_x_cont_lowmid,1,142,11786,0.5993449097589587,0.16123638583658312,1.0437510348656012,-3.188334878745908,0.0020265184004963563
phase8,lstmres_corr_top1_s0,lstm_own_era5_s0,resolved_x_cont_lowmid,2,142,11644,1.4517392453662237,1.0024329966347032,1.993438599472385,-6.173922719875511,2.5115609155535666e-08
phase8,lstmres_corr_top1_s0,lstm_own_era5_s0,resolved_x_cont_lowmid,3,142,11502,1.4204138612716966,1.1007802329923992,1.814581563507384,-6.788087419679459,1.806573756967423e-09
phase8,lstmres_corr_top1_s0,lstm_own_era5_s0,resolved_x_cont_lowmid,4,142,11360,1.313990993104719,0.8997771959294867,1.8135546212220393,-5.4105883308995555,6.528487324032209e-07
phase8,lstmres_corr_top1_s0,lstm_own_era5_s0,resolved_x_cont_lowmid,5,142,11218,1.6587387080768345,1.356672014765432,2.046673887794244,-7.998311702404528,9.48159458093997e-12
phase8,lstmres_corr_top1_s0,lstm_own_era5_s0,resolved_x_cont_lowmid,6,142,11076,1.9955559475428486,1.6790344693805421,2.4278674918910155,-8.10603717940333,6.355160666823381e-12
phase8,lstmres_corr_top1_s0,lstm_own_era5_s0,sub_x_cont_high,1,21,1743,0.2190879165771764,-0.1866259957398697,0.6428475890168155,-1.1156807298487668,0.26781772933471776
phase8,lstmres_corr_top1_s0,lstm_own_era5_s0,sub_x_cont_high,2,21,1722,1.1289174395934576,0.5898311499588101,1.802262888556621,-4.034676682470545,0.00012316169486321435
phase8,lstmres_corr_top1_s0,lstm_own_era5_s0,sub_x_cont_high,3,21,1701,0.9391767483569846,0.5103600488291729,1.3936272657640074,-4.059274039691409,0.00011390886493875458
phase8,lstmres_corr_top1_s0,lstm_own_era5_s0,sub_x_cont_high,4,21,1680,0.59471738542205,0.16396551655840477,1.196756146094743,-2.173526255402695,0.03273577029719763
phase8,lstmres_corr_top1_s0,lstm_own_era5_s0,sub_x_cont_high,5,21,1659,0.27529221941652304,-0.4394203918662509,0.8622891712785,-0.8226791854905872,0.4131984507464342
phase8,lstmres_corr_top1_s0,lstm_own_era5_s0,sub_x_cont_high,6,21,1638,0.9205199828638766,0.4588953994967973,1.2901400448523552,-3.371889787359516,0.0011701901849273087
phase8,lstmres_corr_top1_s0,lstm_own_era5_s0,sub_x_cont_lowmid,1,14,1162,0.5371822031617124,0.06498883631475882,1.0472562351763672,-2.290764485351079,0.024544102776436687
phase8,lstmres_corr_top1_s0,lstm_own_era5_s0,sub_x_cont_lowmid,2,14,1148,0.3093007096338085,-0.23267674728811027,0.8960056873728587,-1.1161184178467543,0.2676715743403449
phase8,lstmres_corr_top1_s0,lstm_own_era5_s0,sub_x_cont_lowmid,3,14,1134,0.7060824099072827,-0.06390678901164848,1.5063960300162886,-1.590897835882474,0.11557672283712636
phase8,lstmres_corr_top1_s0,lstm_own_era5_s0,sub_x_cont_lowmid,4,14,1120,0.8942086406246941,-0.3090826055056273,2.176071355565318,-1.3168393136989023,0.1916997359670841
phase8,lstmres_corr_top1_s0,lstm_own_era5_s0,sub_x_cont_lowmid,5,14,1106,1.3089404276991567,0.198992964580883,2.537952047008235,-1.9521541415646821,0.054508569327406914
phase8,lstmres_corr_top1_s0,lstm_own_era5_s0,sub_x_cont_lowmid,6,14,1092,0.5964573152063557,-0.15129024391708046,1.4776132189286926,-1.259086368727395,0.2118027948295258
phase8,lstmres_corr_top1_s1,lstm_own_era5_s1,all,1,234,19422,1.1913608400961229,0.9637828386056365,1.4724364592106236,-9.972679892992424,8.453200345793669e-16
phase8,lstmres_corr_top1_s1,lstm_own_era5_s1,all,2,234,19188,1.5632411012806213,1.2163265820725768,1.9901043064731148,-8.03346367533067,6.4546746763697916e-12
phase8,lstmres_corr_top1_s1,lstm_own_era5_s1,all,3,234,18954,1.3562392725706918,1.0296957202197237,1.717291198279009,-6.544171418811601,5.252830544811102e-09
phase8,lstmres_corr_top1_s1,lstm_own_era5_s1,all,4,234,18720,1.3687864170848218,0.947695437686694,1.8385284481430608,-5.779128838819844,1.4277053222575074e-07
phase8,lstmres_corr_top1_s1,lstm_own_era5_s1,all,5,234,18486,1.2818379586472917,0.8328027364135709,1.7514147606807422,-5.047981502828046,2.8540519603447616e-06
phase8,lstmres_corr_top1_s1,lstm_own_era5_s1,all,6,234,18252,1.9348779576435549,1.4550004840997033,2.498225083678562,-6.0863925617172345,4.2001553629838963e-08
phase8,lstmres_corr_top1_s1,lstm_own_era5_s1,area_resolved,1,199,16517,1.2801535816811094,1.0375273770510975,1.5731500640165659,-9.780258694208143,2.030793926725305e-15
phase8,lstmres_corr_top1_s1,lstm_own_era5_s1,area_resolved,2,199,16318,1.6984065773566592,1.3734247683292973,2.1237348383901384,-8.599476478664307,4.922612305724703e-13
phase8,lstmres_corr_top1_s1,lstm_own_era5_s1,area_resolved,3,199,16119,1.435376652681064,1.092330232867027,1.8041492947972426,-6.77451786492231,1.9175663409944533e-09
phase8,lstmres_corr_top1_s1,lstm_own_era5_s1,area_resolved,4,199,15920,1.4739393261695821,1.0751578683553122,1.9352252111965271,-6.235125540864013,2.075747659477904e-08
phase8,lstmres_corr_top1_s1,lstm_own_era5_s1,area_resolved,5,199,15721,1.3883585966111722,0.9303884197770489,1.8575148335648983,-5.492904867426282,4.785133546854303e-07
phase8,lstmres_corr_top1_s1,lstm_own_era5_s1,area_resolved,6,199,15522,2.0695512899151502,1.6600399146685394,2.545206032114648,-7.155156877077409,4.2206283480101597e-10
phase8,lstmres_corr_top1_s1,lstm_own_era5_s1,area_sub_resolution,1,35,2905,0.8937681637341877,0.578768859972609,1.26724843194898,-5.812005897444851,1.1400178903494704e-07
phase8,lstmres_corr_top1_s1,lstm_own_era5_s1,area_sub_resolution,2,35,2870,1.0182436188280297,0.5471683642847835,1.5739442366440723,-4.2518613369296165,5.640578211917744e-05
phase8,lstmres_corr_top1_s1,lstm_own_era5_s1,area_sub_resolution,3,35,2835,1.013351153220976,0.5402578268701669,1.5184001734082828,-3.810183611009143,0.0002713163047881872
phase8,lstmres_corr_top1_s1,lstm_own_era5_s1,area_sub_resolution,4,35,2800,0.8954966901264183,0.2619791288834103,1.54651288553161,-2.789352746221116,0.00661613260725216
phase8,lstmres_corr_top1_s1,lstm_own_era5_s1,area_sub_resolution,5,35,2765,0.7819002351191928,0.1252132294969155,1.4477439209185774,-2.218553765776299,0.02942483977772767
phase8,lstmres_corr_top1_s1,lstm_own_era5_s1,area_sub_resolution,6,35,2730,1.273653781966877,0.2627941981665033,2.3587649171639766,-2.215171193733139,0.029704018372843723
phase8,lstmres_corr_top1_s1,lstm_own_era5_s1,cont_tercile_low,1,78,6474,0.8951272998557025,0.481967066311848,1.3575793573723616,-4.632318802338195,1.3437985857970746e-05
phase8,lstmres_corr_top1_s1,lstm_own_era5_s1,cont_tercile_low,2,78,6396,1.4327083388738338,0.8146695954094288,2.1455095951204357,-4.42292107595299,3.0018399204823518e-05
phase8,lstmres_corr_top1_s1,lstm_own_era5_s1,cont_tercile_low,3,78,6318,1.3547055107454797,0.7432810327345335,2.0343006284235,-3.5842145208569436,0.0005795768660008913
phase8,lstmres_corr_top1_s1,lstm_own_era5_s1,cont_tercile_low,4,78,6240,1.3205066869600435,0.6349092131520134,2.093303751177069,-3.236163658336758,0.0017709137709473683
phase8,lstmres_corr_top1_s1,lstm_own_era5_s1,cont_tercile_low,5,78,6162,0.9764032594824168,-0.06782081864048772,1.854982939939726,-1.8424389062018762,0.06921098394845247
phase8,lstmres_corr_top1_s1,lstm_own_era5_s1,cont_tercile_low,6,78,6084,1.8279749396163059,0.666571227875763,2.9751689856381214,-2.781954707034164,0.006791767797261214
phase8,lstmres_corr_top1_s1,lstm_own_era5_s1,cont_tercile_mid,1,78,6474,1.4734797758930274,1.1394711657100518,1.8835781014136928,-7.144441012260213,3.3610586657711597e-10
phase8,lstmres_corr_top1_s1,lstm_own_era5_s1,cont_tercile_mid,2,78,6396,1.7700648311653189,1.3093853547388277,2.2879180385516182,-6.571924729854193,4.46160738130038e-09
phase8,lstmres_corr_top1_s1,lstm_own_era5_s1,cont_tercile_mid,3,78,6318,1.399019536465862,0.9337234030900143,1.9292483349373575,-4.89884067367912,4.940549462409866e-06
phase8,lstmres_corr_top1_s1,lstm_own_era5_s1,cont_tercile_mid,4,78,6240,1.352998369516989,0.8035907658554078,1.9664921938467979,-4.326703355818447,4.386886286950587e-05
phase8,lstmres_corr_top1_s1,lstm_own_era5_s1,cont_tercile_mid,5,78,6162,1.5312752473237712,1.0167789449260018,2.17209592993582,-4.833497283511828,6.592457196414137e-06
phase8,lstmres_corr_top1_s1,lstm_own_era5_s1,cont_tercile_mid,6,78,6084,2.0179463028271893,1.4630592206311335,2.7288810827584395,-5.701565366080948,2.0896738405971295e-07
phase8,lstmres_corr_top1_s1,lstm_own_era5_s1,cont_tercile_high,1,78,6474,1.290207710276703,1.0433498845631963,1.5911899688063211,-9.063726774741866,5.374926200547042e-14
phase8,lstmres_corr_top1_s1,lstm_own_era5_s1,cont_tercile_high,2,78,6396,1.5371761979248277,1.2075184128828946,1.9599904703382935,-8.155928523621187,3.701944597809048e-12
phase8,lstmres_corr_top1_s1,lstm_own_era5_s1,cont_tercile_high,3,78,6318,1.3239634629547248,1.0216737120528554,1.6741523341703253,-7.537969016658016,6.459272238630322e-11
phase8,lstmres_corr_top1_s1,lstm_own_era5_s1,cont_tercile_high,4,78,6240,1.4275771485350974,1.0191345517851553,1.884270079075893,-6.415670556665893,9.555885715564706e-09
phase8,lstmres_corr_top1_s1,lstm_own_era5_s1,cont_tercile_high,5,78,6162,1.3646989165060575,1.0042076773853472,1.8089245596404477,-6.315824272164008,1.5272174280950696e-08
phase8,lstmres_corr_top1_s1,lstm_own_era5_s1,cont_tercile_high,6,78,6084,1.9667646577207654,1.5611993931348311,2.4687862314207223,-7.243864806987051,2.8614890193026804e-10
phase8,lstmres_corr_top1_s1,lstm_own_era5_s1,resolved_x_cont_high,1,57,4731,1.4249285774631248,1.1119739140628782,1.786732466940896,-7.702729514916691,2.7027575374931098e-11
phase8,lstmres_corr_top1_s1,lstm_own_era5_s1,resolved_x_cont_high,2,57,4674,1.7257575312354168,1.331247652288498,2.208178097020413,-7.62365933963414,4.123021314386956e-11
phase8,lstmres_corr_top1_s1,lstm_own_era5_s1,resolved_x_cont_high,3,57,4617,1.3669453383558738,0.9846015170950948,1.8048066867721022,-6.278754467788242,1.658278050276883e-08
phase8,lstmres_corr_top1_s1,lstm_own_era5_s1,resolved_x_cont_high,4,57,4560,1.5907211532916299,1.0909949373074015,2.169132586593566,-5.807725876584601,1.266912323470168e-07
phase8,lstmres_corr_top1_s1,lstm_own_era5_s1,resolved_x_cont_high,5,57,4503,1.640563423446506,1.178088194860374,2.227482570739494,-5.9560171731883464,7.022250111373403e-08
phase8,lstmres_corr_top1_s1,lstm_own_era5_s1,resolved_x_cont_high,6,57,4446,2.433086189042577,2.036988194534374,2.977647374635452,-8.601982027944702,7.023477764201382e-13
phase8,lstmres_corr_top1_s1,lstm_own_era5_s1,resolved_x_cont_lowmid,1,142,11786,1.1990636267806942,0.9413870885770134,1.5315789030501952,-8.580999929671734,4.906533298745314e-13
phase8,lstmres_corr_top1_s1,lstm_own_era5_s1,resolved_x_cont_lowmid,2,142,11644,1.6845736888419838,1.3012832533144327,2.1492448838166975,-7.74476083467452,2.3862915121070944e-11
phase8,lstmres_corr_top1_s1,lstm_own_era5_s1,resolved_x_cont_lowmid,3,142,11502,1.4687728242221532,1.0874424064899126,1.8829250119079863,-6.121451462354085,3.2559991459411264e-08
phase8,lstmres_corr_top1_s1,lstm_own_era5_s1,resolved_x_cont_lowmid,4,142,11360,1.4172908770800463,0.9805513403743592,1.923474147355248,-5.384813419410735,7.250184012105837e-07
phase8,lstmres_corr_top1_s1,lstm_own_era5_s1,resolved_x_cont_lowmid,5,142,11218,1.2688154084444014,0.7412648048628581,1.7725579663657904,-4.448703139557373,2.8324901793328104e-05
phase8,lstmres_corr_top1_s1,lstm_own_era5_s1,resolved_x_cont_lowmid,6,142,11076,1.9002293332761266,1.3736613194852703,2.4390247536372858,-5.771773055861314,1.563474471198156e-07
phase8,lstmres_corr_top1_s1,lstm_own_era5_s1,sub_x_cont_high,1,21,1743,0.9516006691855261,0.5896553107373184,1.3762392830908214,-4.7147427569319795,9.789277911261065e-06
phase8,lstmres_corr_top1_s1,lstm_own_era5_s1,sub_x_cont_high,2,21,1722,1.027696769290154,0.6315911757949244,1.5542331232406104,-4.46525579858956,2.5627465726429654e-05
phase8,lstmres_corr_top1_s1,lstm_own_era5_s1,sub_x_cont_high,3,21,1701,1.2044487977852292,0.8127167315521905,1.623145475495208,-5.582201571891976,3.1479265237696403e-07
phase8,lstmres_corr_top1_s1,lstm_own_era5_s1,sub_x_cont_high,4,21,1680,0.9668108061574032,0.545751236576148,1.4238515409577595,-4.1690324714892055,7.774172592560924e-05
phase8,lstmres_corr_top1_s1,lstm_own_era5_s1,sub_x_cont_high,5,21,1659,0.5820337670596976,0.1740829673999958,0.9854896243508432,-2.6719377342349646,0.009177988822515403
phase8,lstmres_corr_top1_s1,lstm_own_era5_s1,sub_x_cont_high,6,21,1638,0.5869652978346629,-0.2053689433686079,1.309114569534673,-1.4169493690798374,0.16053114222966502
phase8,lstmres_corr_top1_s1,lstm_own_era5_s1,sub_x_cont_lowmid,1,14,1162,0.8406526403887615,0.3199169960396045,1.4123598757807654,-3.2961538256022624,0.0014497926751739015
phase8,lstmres_corr_top1_s1,lstm_own_era5_s1,sub_x_cont_lowmid,2,14,1148,1.0087416631303636,0.24393294665515097,1.852888147295707,-2.5527536327079186,0.012564906484028025
phase8,lstmres_corr_top1_s1,lstm_own_era5_s1,sub_x_cont_lowmid,3,14,1134,0.813613096022392,0.08317390840252405,1.56467078754873,-1.9680724503908031,0.05252425906590606
phase8,lstmres_corr_top1_s1,lstm_own_era5_s1,sub_x_cont_lowmid,4,14,1120,0.818070482488753,-0.17384756356303321,1.7969018852280552,-1.5615157180386545,0.12239939358333522
phase8,lstmres_corr_top1_s1,lstm_own_era5_s1,sub_x_cont_lowmid,5,14,1106,1.0090614543915466,-0.1168749868381097,2.0901744853583195,-1.6092470902078138,0.11160250201767716
phase8,lstmres_corr_top1_s1,lstm_own_era5_s1,sub_x_cont_lowmid,6,14,1092,2.0395906967414446,0.6213361957213204,3.6443319105072307,-2.2880661705946714,0.024878131484550446
phase8,ridge_corr_top1_era5,ridge_own_era5,all,1,234,19422,0.32244375675972714,-0.04073245228230937,0.7562936964733652,-1.5927254355582923,0.11506955015201986
phase8,ridge_corr_top1_era5,ridge_own_era5,all,2,234,19188,-0.09196510348385978,-0.529783247574695,0.4427651934639295,0.4055506288832028,0.6861420571376204
phase8,ridge_corr_top1_era5,ridge_own_era5,all,3,234,18954,-0.18234809858335144,-0.6607432457431944,0.3237384681000658,0.7354450996206797,0.4642191779714069
phase8,ridge_corr_top1_era5,ridge_own_era5,all,4,234,18720,-0.4057096148654127,-0.8504426258248099,0.06412240322144987,1.7298956952014612,0.08755411770283275
phase8,ridge_corr_top1_era5,ridge_own_era5,all,5,234,18486,-0.4159973421967056,-0.7954303171805714,-0.04796597633163642,2.094048612873325,0.039503612612400214
phase8,ridge_corr_top1_era5,ridge_own_era5,all,6,234,18252,-0.38667254988424826,-0.8182631782190846,-0.0015897261550940943,1.7542134385991999,0.08337254021980631
phase8,ridge_corr_top1_era5,ridge_own_era5,area_resolved,1,199,16517,0.20146181284614872,-0.20888752513881836,0.7314846849837173,-0.8713310809319006,0.38611734618695603
phase8,ridge_corr_top1_era5,ridge_own_era5,area_resolved,2,199,16318,-0.18853062068033832,-0.6732395069734171,0.4320571668307576,0.7240403731167431,0.47112699403233044
phase8,ridge_corr_top1_era5,ridge_own_era5,area_resolved,3,199,16119,-0.2174909438693362,-0.7457468154007008,0.36620864258123603,0.7726490702196649,0.44200687947362444
phase8,ridge_corr_top1_era5,ridge_own_era5,area_resolved,4,199,15920,-0.4188854872790193,-0.9188247688802016,0.1147173867027576,1.557553903513455,0.12333632573268877
phase8,ridge_corr_top1_era5,ridge_own_era5,area_resolved,5,199,15721,-0.4287893968707879,-0.8329672093903461,-0.015303727710270254,1.9217445146612058,0.05829039415263132
phase8,ridge_corr_top1_era5,ridge_own_era5,area_resolved,6,199,15522,-0.4433907063651654,-0.903240057783391,0.018774969197392778,1.7594882528149893,0.08246668663771667
phase8,ridge_corr_top1_era5,ridge_own_era5,area_sub_resolution,1,35,2905,0.7270842661937671,0.11845445492960377,1.2920275808509887,-2.4364023581879515,0.016999742067688436
phase8,ridge_corr_top1_era5,ridge_own_era5,area_sub_resolution,2,35,2870,0.29476123666143383,-0.3159829855713059,0.9101809011476848,-0.935036535827911,0.3525487232109067
phase8,ridge_corr_top1_era5,ridge_own_era5,area_sub_resolution,3,35,2835,-0.030781773803312262,-0.6103414556570369,0.5105757917616504,0.10520191394444675,0.9164789193093268
phase8,ridge_corr_top1_era5,ridge_own_era5,area_sub_resolution,4,35,2800,-0.3465837157520246,-0.8363914253866073,0.1825051973737725,1.3169416429721807,0.1916655893779953
phase8,ridge_corr_top1_era5,ridge_own_era5,area_sub_resolution,5,35,2765,-0.3567416196631923,-0.9838337238603084,0.1807896605012944,1.2081564240573213,0.23063733393740168
phase8,ridge_corr_top1_era5,ridge_own_era5,area_sub_resolution,6,35,2730,-0.11294375507882037,-0.8677533043650926,0.44575180837677936,0.31175757500676793,0.7560673514159811
phase8,ridge_corr_top1_era5,ridge_own_era5,cont_tercile_low,1,78,6474,-0.12046972906267772,-0.6988338162153984,0.4957518377840581,0.4032577796604571,0.6878081591856118
phase8,ridge_corr_top1_era5,ridge_own_era5,cont_tercile_low,2,78,6396,-0.317362325657089,-1.2066643283117195,0.5561390141137561,0.7539308006769637,0.4530768977418922
phase8,ridge_corr_top1_era5,ridge_own_era5,cont_tercile_low,3,78,6318,-0.2629466062749719,-1.184075703647759,0.6116266884871759,0.5563312145289901,0.5795372949024127
phase8,ridge_corr_top1_era5,ridge_own_era5,cont_tercile_low,4,78,6240,-0.634120666207294,-1.553701676463259,0.24470553233756548,1.3723319158513756,0.1738440951606194
phase8,ridge_corr_top1_era5,ridge_own_era5,cont_tercile_low,5,78,6162,-0.6586961467156316,-1.4702813972733442,-0.017439722766446526,1.727710258270557,0.08799776456189783
phase8,ridge_corr_top1_era5,ridge_own_era5,cont_tercile_low,6,78,6084,-0.4952577618703824,-1.3652313555028206,0.14142921355180277,1.222335003035191,0.22530945564139926
phase8,ridge_corr_top1_era5,ridge_own_era5,cont_tercile_mid,1,78,6474,-0.23280754133137016,-0.827709426819232,0.6339174785356737,0.626699380266708,0.5325972246178967
phase8,ridge_corr_top1_era5,ridge_own_era5,cont_tercile_mid,2,78,6396,-0.7101635938855821,-1.4422427614027034,0.299360967919518,1.6187079656770038,0.10939763250232001
phase8,ridge_corr_top1_era5,ridge_own_era5,cont_tercile_mid,3,78,6318,-0.784148707495036,-1.6773867838587049,0.28381992005188267,1.5618540635730283,0.12226978042654917
phase8,ridge_corr_top1_era5,ridge_own_era5,cont_tercile_mid,4,78,6240,-0.7411039334520808,-1.4827648617618687,0.18102321553203526,1.7070562828835247,0.09173939497008961
phase8,ridge_corr_top1_era5,ridge_own_era5,cont_tercile_mid,5,78,6162,-0.5048797014205242,-1.1014874707968836,0.2243168993331912,1.410608202251771,0.16233595771366102
phase8,ridge_corr_top1_era5,ridge_own_era5,cont_tercile_mid,6,78,6084,-0.7177642473993107,-1.3868561322069488,0.10199750204939134,1.7149409266896074,0.09037818371792251
phase8,ridge_corr_top1_era5,ridge_own_era5,cont_tercile_high,1,78,6474,1.1074460225809268,0.5678423237798049,1.688309954596999,-3.8559659797607435,0.00022834607305539248
phase8,ridge_corr_top1_era5,ridge_own_era5,cont_tercile_high,2,78,6396,0.5866038564244724,0.04033632952954365,1.1899851200241458,-2.11675383258529,0.03734974946687045
phase8,ridge_corr_top1_era5,ridge_own_era5,cont_tercile_high,3,78,6318,0.36659283883481164,-0.18369646077395219,0.8884853781112553,-1.2745621335794768,0.2061539956357715
phase8,ridge_corr_top1_era5,ridge_own_era5,cont_tercile_high,4,78,6240,0.08253933505649735,-0.42751717152898444,0.5638013700114407,-0.31274824233812204,0.7552960485675048
phase8,ridge_corr_top1_era5,ridge_own_era5,cont_tercile_high,5,78,6162,-0.11154476592336593,-0.5625255780498317,0.27109916490023556,0.49362972756563417,0.6229548203548528
phase8,ridge_corr_top1_era5,ridge_own_era5,cont_tercile_high,6,78,6084,0.0011766464256601772,-0.5468650022881361,0.4107311504958584,-0.004429157715204648,0.9964775100655002
phase8,ridge_corr_top1_era5,ridge_own_era5,resolved_x_cont_high,1,57,4731,1.0346065474452493,0.40795172824923426,1.7244091660658496,-3.0109652129556057,0.0034608085724893716
phase8,ridge_corr_top1_era5,ridge_own_era5,resolved_x_cont_high,2,57,4674,0.5647366088197492,-0.14663147316517078,1.2986860554831292,-1.607668995294819,0.11179897358653688
phase8,ridge_corr_top1_era5,ridge_own_era5,resolved_x_cont_high,3,57,4617,0.5545605210593219,-0.08145781153853393,1.1884777204266956,-1.6289727582718025,0.10725060653479117
phase8,ridge_corr_top1_era5,ridge_own_era5,resolved_x_cont_high,4,57,4560,0.32186404013696546,-0.2602213634072903,0.8809513241403097,-1.034415882506498,0.3040979635444698
phase8,ridge_corr_top1_era5,ridge_own_era5,resolved_x_cont_high,5,57,4503,0.12597274529421165,-0.387955431834191,0.6196955174897721,-0.46957938564006224,0.6399656526151674
phase8,ridge_corr_top1_era5,ridge_own_era5,resolved_x_cont_high,6,57,4446,0.3694306981475437,-0.1608561628780247,0.8812878806471804,-1.3216669366055696,0.19019249849780845
phase8,ridge_corr_top1_era5,ridge_own_era5,resolved_x_cont_lowmid,1,142,11786,-0.2563039264328548,-0.7007490942968508,0.30259901090520935,1.0350102800737646,0.3037068637736731
phase8,ridge_corr_top1_era5,ridge_own_era5,resolved_x_cont_lowmid,2,142,11644,-0.5667888775766627,-1.1016767053826182,0.10802861234921171,1.9867235795341693,0.050334088175633174
phase8,ridge_corr_top1_era5,ridge_own_era5,resolved_x_cont_lowmid,3,142,11502,-0.5978959076721635,-1.2507927778557115,0.10519550181963343,1.7683856321283404,0.08080858490445259
phase8,ridge_corr_top1_era5,ridge_own_era5,resolved_x_cont_lowmid,4,142,11360,-0.7785846489088755,-1.431091965615649,-0.09712450333180837,2.26475259165565,0.026268076871025982
phase8,ridge_corr_top1_era5,ridge_own_era5,resolved_x_cont_lowmid,5,142,11218,-0.693139850122626,-1.2161945039331745,-0.1592194492882547,2.4699414472706867,0.01569706225693996
phase8,ridge_corr_top1_era5,ridge_own_era5,resolved_x_cont_lowmid,6,142,11076,-0.8242878101117235,-1.4544428049852942,-0.24299665056933886,2.4956310636185943,0.014712381071314494
phase8,ridge_corr_top1_era5,ridge_own_era5,sub_x_cont_high,1,21,1743,1.287577561748643,0.4000391080988699,2.129581279510474,-2.991344046170273,0.003667381180740484
phase8,ridge_corr_top1_era5,ridge_own_era5,sub_x_cont_high,2,21,1722,0.6448232181912261,-0.18789138507976644,1.4570799006988109,-1.5879650475690474,0.11619035779439038
phase8,ridge_corr_top1_era5,ridge_own_era5,sub_x_cont_high,3,21,1701,-0.15615130126582777,-0.9852458134645609,0.5223298751996308,0.40447480100980865,0.6869429834365808
phase8,ridge_corr_top1_era5,ridge_own_era5,sub_x_cont_high,4,21,1680,-0.5908611410541331,-1.3191283492842616,-0.045679765300345336,1.8819795385472713,0.06352150430956467
phase8,ridge_corr_top1_era5,ridge_own_era5,sub_x_cont_high,5,21,1659,-0.780326707979806,-1.541403459146511,-0.2375216770448348,2.3593822197602052,0.02080734338582425
phase8,ridge_corr_top1_era5,ridge_own_era5,sub_x_cont_high,6,21,1638,-1.0733010318538128,-2.177052712086632,-0.38936463830918855,2.1243921543458733,0.0368466562512505
phase8,ridge_corr_top1_era5,ridge_own_era5,sub_x_cont_lowmid,1,14,1162,0.21054842505926485,-0.5810081952890422,0.9536172076187739,-0.5362956771104589,0.5932061460808278
phase8,ridge_corr_top1_era5,ridge_own_era5,sub_x_cont_lowmid,2,14,1148,-0.05930446761539532,-1.222337339246209,1.0073048874472257,0.10077322367578777,0.9199795049102691
phase8,ridge_corr_top1_era5,ridge_own_era5,sub_x_cont_lowmid,3,14,1134,0.10069856642861419,-1.0074040572521397,1.202991201841258,-0.17380425258922158,0.8624583498549456
phase8,ridge_corr_top1_era5,ridge_own_era5,sub_x_cont_lowmid,4,14,1120,-0.08057496714550805,-1.1155882776869508,1.0476188964046098,0.13628578640784603,0.8919420611542007
phase8,ridge_corr_top1_era5,ridge_own_era5,sub_x_cont_lowmid,5,14,1106,0.12270566165046848,-1.0343900477243224,1.2496891345967245,-0.19556836642019543,0.8454565944880564
phase8,ridge_corr_top1_era5,ridge_own_era5,sub_x_cont_lowmid,6,14,1092,0.9604132572436974,-0.3507872714725546,2.268390267317912,-1.2469110638454541,0.21620971471777403
phase7_resmlp,resmlp_corr_top1_era5_ens,resmlp_own_era5_ens,all,1,234,19422,-0.6666611970849612,-1.2107118576557023,-0.1104506382417949,2.568938330496902,0.01201276087872391
phase7_resmlp,resmlp_corr_top1_era5_ens,resmlp_own_era5_ens,all,2,234,19188,-0.620917393145759,-1.0667914408903707,-0.130759488073335,2.571682409137288,0.011948175992554782
phase7_resmlp,resmlp_corr_top1_era5_ens,resmlp_own_era5_ens,all,3,234,18954,-0.5525011154813741,-1.0600528025520628,-0.026394653959090065,2.0205152928643715,0.04667613873004096
phase7_resmlp,resmlp_corr_top1_era5_ens,resmlp_own_era5_ens,area_resolved,1,199,16517,-0.8063436166167337,-1.4814072892840442,-0.09751173730627173,2.4420112142726724,0.016755940994458908
phase7_resmlp,resmlp_corr_top1_era5_ens,resmlp_own_era5_ens,area_resolved,2,199,16318,-0.5646639573477996,-1.0831666606037604,-0.025995630563229486,2.2259438403580813,0.02879641218828836
phase7_resmlp,resmlp_corr_top1_era5_ens,resmlp_own_era5_ens,area_resolved,3,199,16119,-0.7331260137319662,-1.420932142912027,-0.09278268044385705,2.1037811676944846,0.038538751413296095
phase7_resmlp,resmlp_corr_top1_era5_ens,resmlp_own_era5_ens,area_sub_resolution,1,35,2905,-0.2030556258953098,-0.9269076863576609,0.6282276785433716,0.4631472172294042,0.6444857303082886
phase7_resmlp,resmlp_corr_top1_era5_ens,resmlp_own_era5_ens,area_sub_resolution,2,35,2870,-0.8450307493854448,-1.7959690093432057,0.08937938208823544,1.527012978486811,0.13065339785339697
phase7_resmlp,resmlp_corr_top1_era5_ens,resmlp_own_era5_ens,area_sub_resolution,3,35,2835,0.21709857913155828,-0.6418531700747598,1.1251567076133482,-0.4406341731960481,0.6606662559096221
phase7_resmlp,resmlp_corr_top1_era5_ens,resmlp_own_era5_ens,cont_tercile_low,1,78,6474,-0.6885796511288511,-1.392361021544739,-0.07244036930309412,1.9968026545078899,0.04916409767970148
phase7_resmlp,resmlp_corr_top1_era5_ens,resmlp_own_era5_ens,cont_tercile_low,2,78,6396,-0.8017618446204411,-1.4886289557364674,-0.06149889942980893,2.119939344251217,0.03707198262073444
phase7_resmlp,resmlp_corr_top1_era5_ens,resmlp_own_era5_ens,cont_tercile_low,3,78,6318,-0.3156193335048574,-1.402693984825543,0.6262174294370034,0.6078823643394982,0.5449873485920802
phase7_resmlp,resmlp_corr_top1_era5_ens,resmlp_own_era5_ens,cont_tercile_mid,1,78,6474,-0.9810278964459185,-1.8909337873253689,-0.026790612416837497,2.047286853965901,0.04383168808573594
phase7_resmlp,resmlp_corr_top1_era5_ens,resmlp_own_era5_ens,cont_tercile_mid,2,78,6396,-1.012873352487298,-1.7878973876495645,-0.28793780838854927,2.58642879128942,0.011486803584415735
phase7_resmlp,resmlp_corr_top1_era5_ens,resmlp_own_era5_ens,cont_tercile_mid,3,78,6318,-0.9248028188461044,-1.8376628003236917,-0.16833623564098987,2.1761397439967634,0.03249493024326804
phase7_resmlp,resmlp_corr_top1_era5_ens,resmlp_own_era5_ens,cont_tercile_high,1,78,6474,-0.4443322852244469,-1.4892801541676974,0.5521187559271721,0.938593647765031,0.35069589393549233
phase7_resmlp,resmlp_corr_top1_era5_ens,resmlp_own_era5_ens,cont_tercile_high,2,78,6396,-0.15637946930333602,-0.8674629288259017,0.5773881428446194,0.44596450151583394,0.6568127170408794
phase7_resmlp,resmlp_corr_top1_era5_ens,resmlp_own_era5_ens,cont_tercile_high,3,78,6318,-0.4872256964199684,-1.236617939914228,0.2501241556425024,1.2271666411635465,0.22335903803355778
phase7_resmlp,resmlp_corr_top1_era5_ens,resmlp_own_era5_ens,resolved_x_cont_high,1,57,4731,-0.6606204107536762,-1.7527417516909414,0.3765663090766144,1.2962440374973243,0.19852778810409083
phase7_resmlp,resmlp_corr_top1_era5_ens,resmlp_own_era5_ens,resolved_x_cont_high,2,57,4674,-0.0924220984643842,-0.807143750019399,0.6621551608804572,0.24937436716378347,0.8037025053593505
phase7_resmlp,resmlp_corr_top1_era5_ens,resmlp_own_era5_ens,resolved_x_cont_high,3,57,4617,-0.7912258310320164,-1.5567565247749775,0.0663633590519213,1.787595455786074,0.07762831582495938
phase7_resmlp,resmlp_corr_top1_era5_ens,resmlp_own_era5_ens,resolved_x_cont_lowmid,1,142,11786,-0.8879206463526135,-1.5429744172536186,-0.20993417441471737,2.5856114531376786,0.011489375437143366
phase7_resmlp,resmlp_corr_top1_era5_ens,resmlp_own_era5_ens,resolved_x_cont_lowmid,2,142,11644,-0.8048625742485216,-1.3669626521471496,-0.26893606798887215,2.9214953931706886,0.004512294656083875
phase7_resmlp,resmlp_corr_top1_era5_ens,resmlp_own_era5_ens,resolved_x_cont_lowmid,3,142,11502,-0.7044927599926698,-1.6338282310564298,0.07490941170628178,1.6044709239336434,0.11255108767380963
phase7_resmlp,resmlp_corr_top1_era5_ens,resmlp_own_era5_ens,sub_x_cont_high,1,21,1743,0.10027150417685204,-1.336020540599292,1.4862678454200702,-0.14731635333240992,0.8832439401635016
phase7_resmlp,resmlp_corr_top1_era5_ens,resmlp_own_era5_ens,sub_x_cont_high,2,21,1722,-0.3288368450123924,-1.635868018539091,0.832841226556905,0.5218131578150512,0.6032244396665362
phase7_resmlp,resmlp_corr_top1_era5_ens,resmlp_own_era5_ens,sub_x_cont_high,3,21,1701,0.3545557573552349,-1.1440187166128097,1.8496809957606628,-0.4552664580490679,0.650150756636019
phase7_resmlp,resmlp_corr_top1_era5_ens,resmlp_own_era5_ens,sub_x_cont_lowmid,1,14,1162,-0.4753800562306898,-2.282499142930867,1.3747542812188478,0.5077814570255805,0.612969770976474
phase7_resmlp,resmlp_corr_top1_era5_ens,resmlp_own_era5_ens,sub_x_cont_lowmid,2,14,1148,-1.357393742370161,-3.251837813911214,0.4663457485988758,1.332494958246405,0.1864341218673902
phase7_resmlp,resmlp_corr_top1_era5_ens,resmlp_own_era5_ens,sub_x_cont_lowmid,3,14,1134,0.07518190269134584,-1.3482544969514727,1.4292059695555863,-0.10004371858195317,0.920559903608813
