basin_idx,id,name,prefix,centroid_lat,centroid_lon,area_km2,n_cells,continent,exclude_reason,below_resolution,glaciated,n_tiles,n_eff_tiles,contamination,contamination_all,max_tile_fill_land,mascon_area_km2,area_ratio
27,1030000010,C_West_Red_Sea_Coast,C,20.37064552307129,36.37029266357422,243098.421875,336,africa,keep,False,False,36,26.730746320386817,0.22412129470139133,0.22412129470139133,1.0,243098.41723632812,0.9999999809185438
28,1030003990,C_South_Gulf_of_Aden_Coast,C,8.431546211242676,46.7910041809082,532753.375,696,africa,keep,False,False,63,50.00877889181028,0.051745551375776966,0.051745551375776966,1.0,532753.3604736328,0.9999999727334112
29,1030008100,R_Shebelli_Juba_Rivers,R,4.114995956420898,41.25597381591797,807317.9375,1046,africa,keep,False,False,87,74.36748062375433,0.06680882645309708,0.06680882645309708,1.0,807317.9295654297,0.9999999901716908
30,1030008110,C_East_Central_Africa_Coast,C,-8.842026710510254,37.68485641479492,1026780.125,1347,africa,keep,False,False,108,93.76056449704517,0.05259242734086571,0.05259242734086571,1.0,1026780.123840332,0.9999999988705781
31,1030011530,C_South_Zambezia_Coast,C,-18.405845642089844,36.37495422363281,5879.02783203125,8,africa,keep,True,False,2,1.2805014183757402,0.575411266916415,0.575411266916415,0.43771682704179593,5879.02783203125,1.0
32,1030011660,R_Zambezi_River,R,-14.893959999084473,27.693653106689453,1376693.75,1841,africa,keep,False,False,143,124.7893957678318,0.07925489254084947,0.07925489254084947,1.0,1376693.765625,1.0000000113496557
33,1030011670,C_Indian_Ocean_Africa_Coast,C,-20.424480438232422,33.196754455566406,243745.15625,336,africa,keep,False,False,32,24.88516815636156,0.13820967322895122,0.13820967322895122,1.0,243745.15838623047,1.0000000087641967
34,1030012590,R_Limpopo_River,R,-23.307178497314453,29.50295639038086,413093.1875,581,africa,keep,False,False,49,39.87479572125715,0.12435525414587671,0.12435525414587671,1.0,413093.21282958984,1.0000000613168907
35,1030012600,C_South_Africa_South_Coast,C,-30.293731689453125,27.534839630126953,388384.71875,582,africa,keep,False,False,44,35.702554841632136,0.11418400380448473,0.11418400380448473,1.0,388384.71533203125,0.9999999911995282
36,1030015030,C_South_Africa_West_Coast,C,-31.5205020904541,18.847549438476562,109535.5078125,166,africa,keep,False,False,17,12.13300687777228,0.1776719167777577,0.1776719167777577,1.0,109535.49084472656,0.9999998450933969
37,1030015850,R_Orange_River,R,-27.33736228942871,22.437862396240234,983929.4375,1432,africa,keep,False,False,101,87.64672815477826,0.08627920795188147,0.08627920795188147,1.0,983929.4053955078,0.9999999673711437
38,1030015860,C_Namibia_Coast,C,-22.32147979736328,15.058770179748535,268245.71875,375,africa,keep,False,False,36,26.924606076500307,0.12674925838118262,0.12674925838118262,1.0,268245.7072753906,0.9999999572235134
39,1030018110,C_Angola_Coast,C,-12.190860748291016,14.83316707611084,521596.40625,690,africa,keep,False,False,60,48.79806170848847,0.08762110528377397,0.08762110528377397,1.0,521596.35272216797,0.9999998973769156
40,1030020040,R_Congo_River,R,-2.5096843242645264,22.909061431884766,3715698.25,4823,africa,keep,False,False,359,330.3427981001308,0.047089923952813736,0.047089923952813736,1.0,3715697.9489746094,0.9999999189855122
41,1030020050,C_Gulf_of_Guinea_Coast,C,1.326582431793213,11.635783195495605,700958.5,907,africa,keep,False,False,80,66.63841226562596,0.08263902959849617,0.08263902959849617,1.0,700958.469909668,0.9999999570725913
42,1030021940,C_Nigerian_Delta,C,5.011028289794922,7.079521179199219,25460.255859375,33,africa,keep,True,False,5,3.230092846001684,0.32659734810885277,0.32659734810885277,1.0,25460.25408935547,0.9999999304791145
43,1030022420,R_Niger_River,R,13.760977745056152,3.548226833343506,2137806.0,2850,africa,keep,False,False,201,170.71312092223152,0.08950290549535393,0.08950290549535393,1.0,2137806.168273926,1.0000000787133752
44,1030022430,C_Bight_of_Benin_Coast,C,7.379095077514648,3.409212112426758,209642.9375,273,africa,keep,False,False,23,18.153585945348777,0.13537127424673057,0.13537127424673057,1.0,209642.90991210938,0.9999998684053422
45,1030023300,R_Volta_River,R,10.47368335723877,-1.4132455587387085,410240.78125,539,africa,keep,False,False,39,33.57316134174921,0.1426200761499157,0.1426200761499157,1.0,410240.8052368164,1.0000000584700925
46,1030023310,C_West_Africa_Coast,C,8.892885208129883,-8.912860870361328,855164.875,1119,africa,keep,False,False,86,75.95553334353794,0.0639575868495937,0.0639575868495937,1.0,855164.9103393555,1.0000000413246106
47,1030027410,R_Senegal_River,R,15.055135726928711,-10.95368480682373,457495.84375,612,africa,keep,False,False,52,41.63149212529403,0.13954836184807562,0.13954836184807562,1.0,457495.8302001953,0.9999999703826715
48,1030027430,C_North_West_Africa_Coast,C,25.009010314941406,-11.437515258789062,832119.0625,1193,africa,keep,False,False,87,72.16560366945556,0.0816659355075262,0.0816659355075262,1.0,832119.0982055664,1.0000000429092037
49,1030029810,C_Southwest_Mediterranean_Coast,C,35.3536376953125,2.8848717212677,296790.0625,470,africa,keep,False,False,38,29.550868524937844,0.1323510703184256,0.1323510703184256,1.0,296790.0872192383,1.000000083288632
50,1030031860,C_South_Mediterranean_Coast,C,30.946731567382812,16.09575080871582,282865.53125,426,africa,keep,False,False,36,28.942635995942656,0.17310940404530556,0.17310940404530556,1.0,282865.52947998047,0.9999999937425408
51,1030034170,C_West_Nile_Delta,C,30.55795669555664,30.14198875427246,20673.873046875,31,africa,keep,True,False,6,3.3476519259011814,0.3901420323532999,0.3901420323532999,1.0,20673.873107910156,1.0000000029522846
52,1030034260,R_Nile_River,R,11.534171104431152,31.847883224487305,3062504.25,4071,africa,keep,False,False,304,274.7686481270678,0.061062343604612226,0.061062343604612226,1.0,3062504.2338867188,0.9999999947385277
53,1030034270,C_East_Nile_Delta,C,30.812740325927734,31.45334815979004,19289.41015625,29,africa,keep,True,False,3,2.5936150342105053,0.4565370761238847,0.4565370761238847,0.7494747980616382,19289.40789794922,0.9999998829253584
54,1030035180,C_Madagascar,C,-19.17742919921875,46.77520751953125,611052.1875,837,africa,keep,False,False,60,54.219721798778316,0.0,0.0,1.0,611052.155090332,0.9999999469608838
55,1030040190,E_Lower_Lake_Chad,E,11.152617454528809,16.887977600097656,1125897.125,1483,africa,keep,False,False,120,101.6724276572774,0.10126878258512717,0.10126878258512717,1.0,1125897.2106323242,1.0000000760569703
56,1030040200,E_South_Interior_Africa,E,-19.246938705444336,20.512516021728516,865424.625,1185,africa,keep,False,False,97,81.49752512108498,0.1070248324249333,0.1070248324249333,1.0,865424.6998901367,1.0000000865357128
57,1030040210,E_Upper_Lake_Chad,E,18.530920028686523,15.589140892028809,1353182.375,1845,africa,keep,False,False,135,117.84028198670703,0.08408872250513343,0.08408872250513343,1.0,1353182.4104003906,1.0000000261608422
58,1030040220,E_Libyian_Desert,E,26.2124080657959,17.569135665893555,1124732.75,1621,africa,keep,False,False,114,94.98267145330809,0.07870879192923722,0.07870879192923722,1.0,1124732.6932373047,0.999999949532282
59,1030040250,E_Egyptian_Western_Desert,E,25.169008255004883,26.742637634277344,927035.0,1325,africa,keep,False,False,98,84.02038085833586,0.08755122441535719,0.08755122441535719,1.0,927034.9431152344,0.9999999386379526
60,1030040260,E_Rift_Valley,E,5.223244667053223,37.59090042114258,578629.4375,754,africa,keep,False,False,78,60.94539449739814,0.18761299382824928,0.18761299382824928,1.0,578629.4155273438,0.9999999620263768
61,1030040280,E_Northern_Kordofan,E,17.22397804260254,25.146631240844727,254361.15625,344,africa,keep,False,False,32,25.065423387400482,0.13952883612500505,0.13952883612500505,1.0,254361.14587402344,0.9999999592077001
62,1030040300,E_Saharan_and_Algerian_Atlas,E,30.64778709411621,-1.768595814704895,788742.8125,1187,africa,keep,False,False,94,70.84547326727312,0.16009943101819082,0.16009943101819082,1.0,788742.8723754883,1.000000075912563
63,1030040310,E_Sahara,E,24.56203269958496,-0.10175219923257828,2437994.0,3474,africa,keep,False,False,206,180.42206504376938,0.06459442914963036,0.06459442914963036,1.0,2437994.1633911133,1.000000067018669
64,1030040370,E_Lake_Rukwa_Basin,E,-7.73997163772583,32.36717224121094,77505.734375,101,africa,keep,True,False,13,8.757173613077454,0.23710282027640572,0.23710282027640572,1.0,77505.73126220703,0.9999999598379011
65,2030000010,C_East_Mediterranean_Coast,C,36.52043533325195,32.11308670043945,330882.1875,533,asia,keep,False,False,39,31.72835327516785,0.16963079768563338,0.16963079768563338,1.0,330882.2049560547,1.0000000527561028
66,2030003440,C_South_Black_Sea_Coast,C,40.133785247802734,35.27177429199219,359180.5,607,europe,keep,False,False,41,30.958703085809606,0.11023367457589958,0.11023367457589958,1.0,359180.4600830078,0.999999888866483
67,2030005690,C_East_Azov_Sea_Northeast_Black_Sea_Coast,C,45.121726989746094,39.69782257080078,113622.0,208,europe,keep,False,False,15,11.461055860488566,0.20257174331998445,0.20257174331998445,1.0,113621.99884033203,0.9999999897936318
68,2030006590,R_Don_River,R,49.751434326171875,41.115577697753906,439711.84375,881,europe,keep,False,False,50,41.50535842654971,0.13665386941270632,0.13665386941270632,1.0,439711.83865356445,0.9999999884096014
69,2030006600,C_Crimea_West_Azov_Sea_Coast,C,46.28525924682617,35.1673583984375,94162.234375,176,europe,keep,False,False,16,11.632051362603857,0.2794741438185471,0.2794741438185471,1.0,94162.23248291016,0.9999999799060647
70,2030007930,R_Dnieper_River,R,51.23007583618164,31.480995178222656,510859.21875,1056,europe,keep,False,False,60,48.089625556502924,0.13304062164496702,0.13304062164496702,1.0,510859.2255859375,1.000000013381255
71,2030007940,C_Greater_Dniester_Basin,C,48.228153228759766,28.64737892150879,165012.75,320,europe,keep,False,False,23,16.51223952837348,0.18327466980705834,0.18327466980705834,1.0,165012.75805664062,1.0000000488243521
72,2030008490,R_Danube_River,R,46.304603576660156,20.33920669555664,800229.75,1498,europe,keep,False,False,88,73.96414557246308,0.1026499531413062,0.1026499531413062,1.0,800229.7272338867,0.9999999715505288
73,2030008500,C_West_Black_Sea_Coast,C,43.19564437866211,27.758071899414062,27089.95703125,48,europe,keep,True,False,9,6.570796742812211,0.5041162870928927,0.5041162870928927,1.0,27089.95751953125,1.000000018024438
74,2030009230,C_Balkan_Peninsula_and_Adriatic_Coast,C,41.0028190612793,22.09043312072754,328025.6875,562,europe,keep,False,False,44,34.0797272314927,0.11638163660114946,0.11638163660114946,1.0,328025.69079589844,1.000000010047684
76,2030012730,C_Po_River_and_East_Italy_Coast,C,44.14605712890625,12.010080337524414,180304.53125,325,europe,keep,False,False,29,21.000082338287992,0.1893729801185574,0.1893729801185574,1.0,180304.52850341797,0.9999999847669828
77,2030014550,C_West_Italy_Coast,C,41.67490005493164,13.229246139526367,102275.0703125,177,europe,keep,False,False,16,12.062509908122799,0.20232913494981572,0.20232913494981572,1.0,102275.07373046875,1.0000000334193733
78,2030016230,C_Northwest_Mediterranean_Coast,C,42.14854431152344,1.569547176361084,335345.25,586,europe,keep,False,False,44,34.813894670521314,0.16858527084669764,0.16858527084669764,1.0,335345.26251220703,1.0000000373114186
79,2030018240,C_Iberian_Atlantic_Coast,C,40.14402770996094,-5.723358631134033,413294.96875,699,europe,keep,False,False,47,38.896699883245375,0.061762318477614556,0.061762318477614556,1.0,413294.92852783203,0.9999999026792702
80,2030020320,C_West_Continental_Europe,C,48.849056243896484,5.234267234802246,879398.125,1732,europe,keep,False,False,97,82.6105162767381,0.07629626176008855,0.07630132457328491,1.0,879398.026550293,0.999999888048764
81,2030024230,C_Denmark_Germany_Coast,C,55.269378662109375,10.729411125183105,112410.109375,255,europe,keep,False,False,16,12.44169511226748,0.15320985816456245,0.15320985816456245,1.0,112410.1167602539,1.000000065699197
82,2030026030,C_South_Baltic_Coast,C,54.15943145751953,22.931365966796875,696030.8125,1543,europe,keep,False,False,79,66.24729574633268,0.09115695757586509,0.09115695757586509,1.0,696030.8114318848,0.9999999984654196
83,2030028220,C_Neva_River_Finland_Coast,C,62.06149673461914,29.044687271118164,532684.4375,1482,europe,keep,False,False,65,51.17489671550211,0.10374650063626689,0.10374650063626689,1.0,532684.4507751465,1.0000000249212209
84,2030030090,C_Sweden_Coast,C,62.442989349365234,16.424589157104492,484086.40625,1374,europe,keep,False,False,58,47.07741608873576,0.08163057804603463,0.08163057804603463,1.0,484086.4128417969,1.000000013616984
85,2030033480,C_Norway_Coast,C,62.25550079345703,9.84280776977539,246138.140625,689,europe,keep,False,False,34,26.64621799152197,0.09283259241947583,0.09283259241947583,1.0,246138.13903808594,0.9999999935527503
86,2030037990,C_West_Barents_Sea_Coast,C,67.25116729736328,31.935346603393555,378167.46875,1273,europe,keep,False,False,46,36.080925573418455,0.10122977710486497,0.10122977710486497,1.0,378167.48162841797,1.0000000340548012
87,2030041390,C_East_Barents_Sea_Coast,C,64.14629364013672,49.87527847290039,1004636.5625,3003,europe,keep,False,False,104,89.0704337300121,0.06276954548307148,0.06276954548307148,1.0,1004636.6117248535,1.0000000489976728
88,2030046500,C_Sicily,C,37.72762680053711,14.177642822265625,34914.8515625,57,europe,keep,True,False,5,3.9422351910015183,0.08045947368572268,0.08045947368572268,1.0,34914.85021972656,0.9999999615414823
89,2030047500,C_Sardinia_and_Corsica,C,40.48616409301758,9.075053215026855,84190.1171875,143,europe,keep,True,False,7,6.983985459750446,0.0,0.0,1.0,84190.11596679688,0.9999999855006364
90,2030048790,C_Great_Britain,C,53.88020706176758,-2.613974094390869,276127.28125,607,europe,keep,False,False,29,25.774299096576303,0.020963981713594423,0.0209749288997656,1.0,276127.28369140625,1.0000000088415975
91,2030054200,C_Ireland,C,53.56654739379883,-7.68958044052124,74015.21875,161,europe,keep,True,False,10,8.03129226602302,0.05453959732449083,0.05453959732449083,1.0,74015.21765136719,0.9999999851566633
92,2030057170,C_Iceland,C,65.02053833007812,-19.043020248413086,114385.3828125,350,europe,keep,False,True,14,11.523815823696845,0.0,0.0,1.0,114385.3735961914,0.9999999194275669
93,2030059510,C_Svalbard,C,78.96168518066406,19.435562133789062,97022.8046875,659,europe,keep,False,True,13,9.707670500350833,0.0,0.0,1.0,97022.8179321289,1.0000001365104725
94,2030062920,C_Novaya_Zemlya,C,74.09131622314453,58.345603942871094,93869.828125,448,asia,keep,False,True,13,9.560060351652982,0.0,0.0,1.0,93869.82762145996,0.9999999946357626
96,2030065840,C_East_Caspian_Sea_Coast,C,38.98503875732422,58.361183166503906,706300.6875,1176,asia,keep,False,False,74,60.46995551776005,0.11678659036358847,0.11678659036358847,1.0,706300.723449707,1.0000000508985871
97,2030066850,C_North_Caspian_Sea_Coast,C,48.40042495727539,53.8274040222168,763986.8125,1491,europe,keep,False,False,76,63.238312903674554,0.12361598825205551,0.12361598825205551,1.0,763986.8055419922,0.9999999908925027
98,2030068680,R_Volga_River,R,55.84633255004883,47.36979293823242,1408949.375,3261,europe,keep,False,False,156,131.30339757791967,0.09872029265613143,0.09872029265613143,1.0,1408949.2390441895,0.999999903505539
99,2030068690,C_West_Caspian_Sea_Coast,C,40.759681701660156,46.47007369995117,576202.375,986,europe,keep,False,False,59,46.51721812147005,0.155175584015343,0.155175584015343,1.0,576202.3927612305,1.0000000308246395
100,2030071190,C_North_Gulf_of_Oman_Coast,C,27.51263427734375,57.237030029296875,355618.8125,518,asia,keep,False,False,45,34.34284426321291,0.15876467493577248,0.15876467493577248,1.0,355618.8023071289,0.9999999713376494
101,2030073570,R_Tigris_Euphrates_River,R,34.301055908203125,43.343482971191406,940210.625,1473,asia,keep,False,False,82,70.24711235821005,0.10191826262708999,0.10191826262708999,1.0,940210.6248779297,0.9999999998701671
102,2030073580,C_South_Gulf_of_Oman_West_Arabian_Sea_Coast,C,23.240482330322266,53.53352355957031,332875.21875,469,asia,keep,False,False,51,36.686230656952716,0.24310218651624244,0.24310218651624244,1.0,332875.23455810547,1.0000000474895834
103,2030078740,C_East_Red_Sea_North_Gulf_of_Aden_Coast,C,19.81662940979004,42.26737594604492,581843.875,803,asia,keep,False,False,69,59.029263581859915,0.13603581419598798,0.13603581419598798,1.0,581843.8922729492,1.0000000296865705
104,2030085510,E_Rub_al_Khali_Desert,E,20.600332260131836,48.769920349121094,1270494.0,1754,asia,keep,False,False,125,110.5565339701038,0.07920630749494281,0.07920630749494281,1.0,1270494.1077270508,1.0000000847914676
105,2030085530,E_Farahrud_Helmand_Hamun_i_Mashkel,E,31.083477020263672,63.8124885559082,567806.625,857,asia,keep,False,False,64,52.95536343110896,0.11112638522013231,0.11112638522013231,1.0,567806.5768432617,0.9999999151881359
106,2030085570,E_Central_Iran,E,32.415531158447266,55.568023681640625,821598.8125,1259,asia,keep,False,False,78,65.26406650141499,0.09866064845211216,0.09866064845211216,1.0,821598.8509521484,1.0000000468016115
107,2030085580,E_North_Central_Arabia,E,27.356037139892578,43.16742706298828,549897.3125,800,asia,keep,False,False,54,43.83425532028304,0.12979607876572175,0.12979607876572175,1.0,549897.3145751953,1.000000003773787
108,2030085720,E_Jordan_Northwest_Saudi_Arabia,E,30.825593948364258,37.11274337768555,227305.75,342,asia,keep,False,False,26,19.21943998996138,0.1754779634801962,0.1754779634801962,1.0,227305.74725341797,0.9999999879167948
109,3030000010,C_Yamal_Peninsula,C,69.67227172851562,70.39633178710938,140921.625,527,asia,keep,False,False,18,12.781928689137354,0.150814909822963,0.150814909822963,1.0,140921.6375427246,1.0000000890049672
110,3030001840,R_Ob_River,R,55.872745513916016,75.04949951171875,3094179.75,7260,asia,keep,False,False,283,252.95952007889446,0.04560579852384904,0.04560579852384904,1.0,3094179.7797851562,1.000000009626188
111,3030001850,C_East_Ob_Bay_Coast,C,66.16099548339844,77.90296173095703,471574.84375,1521,asia,keep,False,False,47,36.94536314727884,0.1256941746521817,0.1256941746521817,1.0,471574.8570251465,1.0000000281506671
112,3030003790,C_Gydan_Bay_Coast,C,70.09961700439453,81.06485748291016,101067.84375,385,asia,keep,False,False,16,10.304576216933905,0.3005268653043406,0.3005268653043406,1.0,101067.84162902832,0.9999999790143769
113,3030004740,R_Yenisey_River,R,57.427555084228516,98.65430450439453,2509586.5,6226,asia,keep,False,False,239,204.22000888798848,0.06643311897359885,0.06643311897359885,1.0,2509586.4212646484,0.9999999686261655
114,3030004750,C_Yenisey_Gulf_Coast,C,71.72734832763672,82.79708862304688,28055.921875,116,asia,keep,True,False,7,4.805294895080543,0.5028882230148711,0.5028882230148711,1.0,28055.924880981445,1.0000001071424942
115,3030005240,C_North_Siberia_Coast,C,71.36978912353516,103.69770050048828,1154505.5,4762,asia,keep,False,False,101,85.66388803855446,0.04979750477155724,0.04979750477155724,1.0,1154505.5327301025,1.0000000283498889
116,3030008670,C_Olenyok_Delta,C,72.90956115722656,125.04621887207031,20929.328125,92,asia,keep,True,False,5,3.005164906723839,0.26122748742620217,0.26122748742620217,1.0,20929.325149536133,0.9999998578328053
117,3030009130,R_Lena_River,R,60.77709197998047,121.91783142089844,2464042.5,6659,asia,keep,False,False,242,207.33276175906704,0.06669423370746247,0.06669423370746247,1.0,2464042.484375,0.9999999936587944
118,3030009140,C_Buor_Khaya_Gulf_Coast,C,70.8240966796875,129.2813262939453,10676.2705078125,42,asia,keep,True,False,3,2.3702389524538074,0.46252398841889814,0.46252398841889814,0.7915555127798954,10676.270217895508,0.9999999728447315
119,3030009320,C_North_East_Siberian_Sea_Coast,C,66.85862731933594,149.4497833251953,1621477.375,5398,asia,keep,False,False,162,144.28960208680724,0.048104543659803684,0.048104543659803684,1.0,1621477.3359527588,0.9999999759187258
120,3030011770,C_Chukchi_Peninsula,C,66.79141998291016,-177.269287109375,172531.484375,567,asia,keep,False,False,25,18.161772360302205,0.07451603251591518,0.07451603251591518,1.0,172531.48477172852,1.0000000022994557
121,3030012270,C_Kamchatka_Peninsula,C,60.9569206237793,166.73587036132812,787367.0,2136,asia,keep,False,False,83,74.06241292736698,0.039918918272281056,0.039918918272281056,1.0,787367.0270690918,1.000000034379256
122,3030017830,C_Shelikhov_Gulf_Sea_of_Okhotsk_Coast,C,60.50090408325195,150.12930297851562,307016.5,807,asia,keep,False,False,44,35.75048788813708,0.16189753145710475,0.16189753145710475,1.0,307016.5205078125,1.000000066797102
123,3030020970,C_Severnaya_Zemlya,C,79.39820098876953,98.24091339111328,47847.15234375,338,asia,keep,True,True,6,4.3412077734421235,0.02757873599534756,0.02757873599534756,1.0,47847.15093231201,0.9999999705011078
124,3030022480,C_New_Siberian_Islands,C,75.29249572753906,143.3781280517578,36947.1171875,188,asia,keep,True,True,4,3.6214595401256324,0.0,0.0,1.0,36947.12106323242,1.000000104899454
125,3030024310,E_Dayan_Khyargas_Uvs_Nuur_Basins,E,48.469303131103516,93.78047180175781,302705.0,590,asia,keep,False,False,38,28.20708075235483,0.13194895694131564,0.13194895694131564,1.0,302704.99423217773,0.9999999809457317
126,4030000010,C_Uda_Basin,C,54.20737838745117,135.0440673828125,115917.71875,256,asia,keep,False,False,21,14.187628769465187,0.24834581902855718,0.24834581902855718,1.0,115917.72354125977,1.0000000413332821
127,4030000880,R_Amur_River,R,49.05568313598633,125.07086181640625,2242283.5,4441,asia,keep,False,False,210,186.64050004552476,0.06067264865317876,0.06067264865317876,1.0,2242283.438293457,0.9999999724804901
128,4030000890,C_South_East_Russia_Coast,C,45.92216110229492,135.13890075683594,172088.890625,321,asia,keep,False,False,30,20.385115516872954,0.27013458167154275,0.27013458167154275,1.0,172088.89868164062,1.0000000468167387
129,4030003020,C_North_Korea_Bay_Korean_Peninsula,C,40.68916320800781,123.9022445678711,529614.5,904,asia,keep,False,False,55,43.75894988452126,0.05893358152339727,0.05893358152339727,1.0,529614.5484619141,1.00000009150413
130,4030006940,C_Ziya_He_Interior_Coast,C,39.09107208251953,115.49566650390625,343454.4375,572,asia,keep,False,False,41,33.010473451497454,0.13315356566586536,0.13315356566586536,1.0,343454.4446411133,1.000000020792025
131,4030007850,R_Yellow_River_Huang_He,R,36.94654846191406,106.25562286376953,965472.1875,1562,asia,keep,False,False,110,90.77761438292731,0.12288787784161731,0.12288787784161731,1.0,965472.1708374023,0.9999999827415043
132,4030007860,C_Yellow_Sea_Coast,C,35.340003967285156,119.0733413696289,167307.140625,265,asia,keep,False,False,22,17.291384844739692,0.14277477027187885,0.14277477027187885,1.0,167307.1484375,1.0000000466955563
133,4030009880,R_Yangtze_River,R,30.326187133789062,107.59198760986328,1929324.75,2891,asia,keep,False,False,203,176.22730932906885,0.08019822002532054,0.08019822002532054,1.0,1929324.864868164,1.000000059538014
134,4030009890,C_East_China_Coast,C,28.500930786132812,119.4654541015625,221048.21875,325,asia,keep,False,False,27,21.756409150803233,0.09813020011337296,0.09813020011337296,1.0,221048.22326660156,1.0000000204326531
135,4030011690,C_North_Vietnam_South_China_Coast,C,23.639999389648438,108.84123229980469,778027.125,1097,asia,keep,False,False,84,72.97730199250175,0.07798020814594958,0.07798020814594958,1.0,778027.0802612305,0.9999999424971597
136,4030015090,C_Vietnam_Coast,C,15.238595008850098,106.55034637451172,196801.625,264,asia,keep,False,False,33,23.625542220889308,0.20969808444755522,0.20969808444755522,1.0,196801.62017822266,0.9999999754993012
137,4030017020,R_Mekong_River,R,18.58339500427246,102.74512481689453,777523.0,1066,asia,keep,False,False,96,75.67011373530121,0.1556194693588322,0.1556194693588322,1.0,777522.9995117188,0.9999999993720041
138,4030017030,C_Chao_Phraya_River_Gulf_of_Thailand_Coast,C,15.146402359008789,101.001220703125,247108.328125,331,asia,keep,False,False,32,25.277268218353537,0.19958661036033654,0.19958661036033654,1.0,247108.34240722656,1.000000057797431
139,4030018350,C_Malaysian_Peninsula_Coast,C,7.784571170806885,100.55182647705078,335192.5,438,asia,keep,False,False,38,29.89837049095402,0.0652187711683541,0.0652187711683541,1.0,335192.5248413086,1.0000000741105741
140,4030022790,C_Irrawaddy_Sittang_Salween_Basin,C,23.22297477722168,96.41482543945312,752115.6875,1061,asia,keep,False,False,88,71.77767557073156,0.11143461959128828,0.11143461959128828,1.0,752115.7192993164,1.0000000422798208
141,4030024190,C_North_East_Bay_of_Bengal_Coast,C,21.3402042388916,92.96990203857422,103108.09375,143,asia,keep,False,False,19,12.739798591543728,0.20793738231244138,0.20793738231244138,1.0,103108.0765991211,0.9999998336611775
142,4030025450,R_Ganges_Bramaputra_Basin,R,27.027225494384766,85.1792221069336,1590077.375,2307,asia,keep,False,False,163,145.28104711284666,0.061900025437476976,0.061900025437476976,1.0,1590077.3834228516,1.0000000052971332
143,4030025460,C_Deccan_Plateau_East_Indian_Subcontinent_Coast,C,18.049001693725586,80.298828125,1247180.375,1698,asia,keep,False,False,125,111.34759083960432,0.05619479264096873,0.05619479264096873,1.0,1247180.3339233398,0.999999967064379
144,4030029530,C_India_West_Coast,C,19.4130802154541,75.73403930664062,318076.40625,437,asia,keep,False,False,52,37.44619604407788,0.237260400853616,0.237260400853616,1.0,318076.38220214844,0.9999999243959907
145,4030031750,C_Thar_Desert_Sabarmati_River_Gulf_of_Cambay_Luni_Delta,C,26.01116371154785,71.97637939453125,530357.4375,763,asia,keep,False,False,58,50.85490880971111,0.09578902965117016,0.09578902965117016,1.0,530357.3756713867,0.9999998834208613
146,4030033640,R_Indus_River,R,32.24281692504883,73.24103546142578,865917.4375,1324,asia,keep,False,False,101,80.38180424024759,0.10420560096728856,0.10420560096728856,1.0,865917.4177246094,0.9999999771624987
147,4030033650,C_Hub_Porali_Basin,C,25.878711700439453,66.87251281738281,36926.984375,53,asia,keep,True,False,9,5.744901523794185,0.37116886529867443,0.37116886529867443,1.0,36926.984619140625,1.0000000066114423
148,4030034510,C_Sakhalin_Island,C,49.94160079956055,142.5860137939453,118719.125,239,asia,keep,False,False,13,11.281955120674995,0.052749508118057425,0.052749508118057425,1.0,118719.11163330078,0.9999998874090488
149,4030037060,C_Hokkaido,C,43.259254455566406,142.40528869628906,94165.234375,167,asia,keep,False,False,11,8.69976639727179,0.03416069405906514,0.03416069405906514,1.0,94165.23156738281,0.9999999701841428
150,4030039450,C_Japan,C,35.84126663208008,136.385498046875,349121.34375,557,asia,keep,False,False,33,27.15662903464578,0.009213845242350357,0.009213845242350357,1.0,349121.30407714844,0.9999998863637177
151,4030046370,C_Taiwan,C,23.437152862548828,121.0577621459961,54702.77734375,77,asia,keep,True,False,6,4.489028904833926,0.0,0.0,1.0,54702.79217529297,1.0000002711296152
152,4030047500,C_Hainan,C,19.03677749633789,109.63971710205078,46854.28515625,64,asia,keep,True,False,4,3.9928831220934384,0.0,0.0,1.0,46854.28240966797,0.999999941380345
153,4030048900,C_Sri_Lanka,C,7.6171674728393555,80.72770690917969,63709.2734375,83,asia,keep,True,False,7,6.018353762249466,0.0,0.0,1.0,63709.27947998047,1.0000000948445986
154,4030050210,E_Tarim_He_Lop_Nur,E,39.20248031616211,83.96000671386719,1094548.0,1826,asia,keep,False,False,119,101.60716012395471,0.08127380068681811,0.08127380068681811,1.0,1094548.105041504,1.0000000959679283
155,4030050220,E_Amu_Darya,E,40.14746856689453,65.77243041992188,805370.5,1365,asia,keep,False,False,87,73.22593814602881,0.10533859299426668,0.10533859299426668,1.0,805370.4995117188,0.9999999993937185
156,4030050230,E_Lakes_Balkash_Alakol,E,45.66504669189453,78.27720642089844,478919.28125,886,asia,keep,False,False,54,45.94694333626824,0.11215215513828751,0.11215215513828751,1.0,478919.27478027344,0.9999999864909875
157,4030050240,E_Syr_Darya,E,45.45506286621094,68.01484680175781,1040406.9375,1924,asia,keep,False,False,116,95.39183814301104,0.08162785394932064,0.08162785394932064,1.0,1040406.9762573242,1.0000000372520816
158,4030050270,E_Qinghai_Lake,E,37.1439094543457,93.62187957763672,329574.34375,534,asia,keep,False,False,41,32.671295664576256,0.1432769071058053,0.1432769071058053,1.0,329574.31842041016,0.9999999231445338
159,4030050290,E_Junggar_Pendi,E,44.74867248535156,89.00984191894531,339253.5625,617,asia,keep,False,False,43,33.50869348697096,0.15987723913155144,0.15987723913155144,1.0,339253.53576660156,0.9999999211993582
160,4030050320,E_Badain_Jaran_Desert,E,41.140159606933594,101.04438018798828,347985.59375,597,asia,keep,False,False,44,34.620454437180896,0.14348907811201347,0.14348907811201347,1.0,347985.60845947266,1.0000000422703494
161,4030050390,E_Central_Mongolia,E,45.302730560302734,105.50830078125,175880.75,323,asia,keep,False,False,22,18.33096778194936,0.17302340628324092,0.17302340628324092,1.0,175880.73681640625,0.9999999250424293
162,4030050410,E_Turpan_Pendi,E,42.51784896850586,91.48905944824219,144409.0,253,asia,keep,False,False,23,15.196122114757898,0.19171092532328693,0.19171092532328693,1.0,144409.00469970703,1.0000000325444192
163,4030050430,E_Altai_Mountains,E,44.98558044433594,99.01803588867188,204224.875,373,asia,keep,False,False,28,20.868534390503616,0.17766534904407066,0.17766534904407066,1.0,204224.84381103516,0.9999998472812637
164,4030050450,E_East_Gobi_Desert,E,43.72527313232422,111.0769271850586,361251.59375,646,asia,keep,False,False,44,35.38445638125527,0.13661075692071858,0.13661075692071858,1.0,361251.60919189453,1.0000000427455402
165,4030050470,E_Plateau_of_Tibet,E,32.225486755371094,86.40540313720703,400840.21875,612,asia,keep,False,False,48,39.39358190982103,0.12937285428135054,0.12937285428135054,1.0,400840.19818115234,0.999999948685669
166,4030050980,E_North_Plateau_of_Tibet,E,35.09633255004883,86.29702758789062,192619.6875,304,asia,keep,False,False,27,21.01550788092382,0.2118468328666334,0.2118468328666334,1.0,192619.68811035156,1.0000000031686873
167,5030000010,C_Sumatra,C,-0.44145411252975464,101.71015167236328,492732.78125,637,asia,keep,False,False,43,38.862616252679395,0.026004365919428712,0.026004365919428712,1.0,492732.75018310547,0.9999999369498119
168,5030007690,C_Java,C,-7.304895877838135,110.38360595703125,175142.140625,228,australia,keep,False,False,18,14.163840056162142,0.03264121119940941,0.03264121119940941,1.0,175142.14111328125,1.0000000027879141
169,5030011800,C_Nusa_Tenggara,C,-8.970340728759766,119.01874542236328,118570.875,155,australia,keep,False,False,9,8.523307439386054,0.02770788626918541,0.02770788626918541,1.0,118570.8794555664,1.0000000375772415
170,5030014020,C_East_Timor_Islands,C,-8.975043296813965,125.4461669921875,82614.203125,108,australia,keep,True,False,7,6.959327388457816,0.0,0.0,1.0,82614.20935058594,1.0000000753573322
171,5030015660,C_Borneo,C,0.8877425193786621,114.2563247680664,758966.4375,981,asia,keep,False,False,60,54.665279229674766,0.0,0.0,1.0,758966.3812866211,0.9999999259343021
172,5030022500,C_Philippines,C,11.627100944519043,122.5772705078125,505703.75,668,asia,keep,False,False,42,40.214425170538696,0.0,0.0,1.0,505703.7443847656,0.9999999888961979
173,5030031240,C_Sulawesi,C,-2.2050254344940186,121.41685485839844,328683.25,425,australia,keep,False,False,24,23.825786074517822,0.0,0.0,1.0,328683.23864746094,0.9999999654605488
174,5030037270,C_Maluku,C,-3.9612314701080322,129.9882049560547,91925.953125,119,australia,keep,False,False,8,7.810191095979633,0.027974140256146942,0.027974140256146942,1.0,91925.97332763672,1.0000002197707616
175,5030038940,C_Halmahera_Islands,C,0.29868975281715393,127.99083709716797,63497.38671875,82,asia,keep,True,False,5,4.958580297277868,0.0,0.0,1.0,63497.386291503906,0.9999999932714382
176,5030040360,C_Papua_New_Guinea_Island,C,-5.330036163330078,140.50607299804688,1041547.0625,1352,australia,keep,False,False,89,87.99518451951054,0.0024689714928744317,0.0024689714928744317,1.0,1041547.0889282227,1.0000000253740071
177,5030049720,C_North_Australia_Coast,C,-16.456905364990234,134.90902709960938,1301614.0,1754,australia,keep,False,False,140,121.11530322369762,0.051910887985507165,0.051910887985507165,1.0,1301613.9936523438,0.9999999951232422
178,5030050850,C_Bismark_Sea_Islands,C,-5.053763389587402,150.77378845214844,105673.859375,137,australia,keep,False,False,9,8.9686337076653,0.0,0.0,1.0,105673.84985351562,0.9999999098974484
179,5030053140,C_Solomon_Islands,C,-8.204461097717285,158.99917602539062,96553.171875,126,australia,keep,False,False,8,7.995030516246485,0.0,0.0,1.0,96553.169921875,0.9999999797715087
180,5030055960,C_West_Australia_Coast,C,-26.510242462158203,117.36813354492188,840925.6875,1218,australia,keep,False,False,88,77.31903975106394,0.04945338808522104,0.04945338808522104,1.0,840925.6949462891,1.0000000088548717
181,5030067860,C_East_Australia_Coast,C,-27.772510528564453,148.19471740722656,689676.625,1017,australia,keep,False,False,85,68.03262749197128,0.10966828337922835,0.10966828337922835,1.0,689676.6098632812,0.9999999780524406
182,5030073410,R_Murray_Darling_River,R,-31.590456008911133,146.16184997558594,1057959.0,1608,australia,keep,False,False,94,82.57067250262193,0.0831248823133176,0.0831248823133176,1.0,1057959.0259399414,1.0000000245188532
183,5030073420,C_South_Australia_Coast,C,-31.97826385498047,131.42381286621094,514093.8125,783,australia,keep,False,False,51,41.917883742208794,0.1287753399925418,0.1287753399925418,1.0,514093.80877685547,0.9999999927578499
184,5030077640,C_Tasmania,C,-41.914344787597656,146.72601318359375,69723.453125,121,australia,keep,True,False,9,6.757752036555701,0.0,0.0,1.0,69723.45141601562,0.999999975489103
185,5030082270,C_New_Zealand_South_Island,C,-43.64261245727539,170.8855438232422,169056.1875,302,australia,keep,False,False,18,15.922077935555162,0.018126321564091892,0.018126321564091892,1.0,169056.18115234375,0.9999999624523873
186,5030085040,C_New_Zealand_North_Island,C,-38.14042663574219,175.49240112304688,182538.59375,300,australia,keep,False,False,18,16.577750003782086,0.01678750085859248,0.01678750085859248,1.0,182538.58795166016,0.9999999682349923
187,5030087590,E_Lake_Eyre_Basin,E,-25.518882751464844,139.3301239013672,1305958.5,1872,australia,keep,False,False,120,105.22174058324387,0.07111168231579999,0.07111168231579999,1.0,1305958.5820922852,1.0000000628597963
188,5030087600,E_Australia_Northwest_Plateau,E,-21.514141082763672,128.49734497070312,1149551.75,1597,australia,keep,False,False,117,97.09927487415625,0.08897484198662978,0.08897484198662978,1.0,1149551.8880004883,1.0000001200472168
189,5030087690,E_Great_Victoria_Desert,E,-28.401527404785156,125.76396942138672,848857.6875,1247,australia,keep,False,False,85,69.57738225508626,0.11244108825194274,0.11244108825194274,1.0,848857.7356567383,1.000000056731227
190,6030000010,C_Gulf_of_Darien_Coast,C,7.8939032554626465,-76.5601806640625,82063.359375,107,south_america,keep,True,False,14,9.180374783393102,0.24781496769932443,0.24781496769932443,1.0,82063.35302734375,0.9999999226493249
191,6030000740,R_Magdalena_River,R,6.395747184753418,-74.70780944824219,259939.546875,338,south_america,keep,False,False,31,22.16659192901437,0.1775067142206637,0.1775067142206637,1.0,259939.53131103516,0.999999940124675
192,6030000750,C_Carribean_Coast,C,10.040581703186035,-68.32926940917969,321023.03125,421,south_america,keep,False,False,33,28.12731756899382,0.13311764220586986,0.13311764220586986,1.0,321022.99810791016,0.9999998967610214
193,6030004470,R_Orinoco_River,R,5.705295562744141,-67.9323959350586,938819.375,1219,south_america,keep,False,False,86,71.00263651093096,0.09815667485890052,0.09815667485890052,1.0,938819.352355957,0.9999999758802987
194,6030004480,C_Northeast_South_America_Coast,C,4.312986373901367,-56.431583404541016,558093.25,723,south_america,keep,False,False,60,49.19599616991191,0.08036792251076372,0.08036792251076372,1.0,558093.2445068359,0.9999999901572648
195,6030006540,C_South_Amapa_Coast,C,-0.03803950548171997,-51.380435943603516,35625.94921875,46,south_america,keep,True,False,8,5.135839769732753,0.3839707965031921,0.3839707965031921,1.0,35625.954040527344,1.0000001353445298
196,6030007000,R_Amazon_River,R,-6.6467084884643555,-64.56704711914062,5935067.5,7752,south_america,keep,False,False,492,451.3329970489516,0.03220612667217952,0.03220612667217952,1.0,5935067.252868652,0.9999999583608193
197,6030007010,C_Amazon_River_Delta,C,-2.0860137939453125,-50.292457580566406,117618.3203125,152,south_america,keep,False,False,16,11.313134470043638,0.1638727016208715,0.1638727016208715,1.0,117618.32006835938,0.9999999979242976
198,6030007950,R_Tocantins_River,R,-11.239239692687988,-49.48603439331055,769437.8125,1015,south_america,keep,False,False,91,72.34771763907239,0.09931004133083282,0.09931004133083282,1.0,769437.839050293,1.0000000345060933
199,6030007960,C_Capim_River_Delta,C,-2.851447582244873,-48.27799987792969,85848.671875,111,south_america,keep,True,False,10,8.48067938981482,0.18892795649131358,0.18892795649131358,1.0,85848.66003417969,0.9999998620733431
200,6030008320,C_North_Brazil_South_Atlantic_Coast,C,-3.966259717941284,-45.34529495239258,277285.0,359,south_america,keep,False,False,33,26.533815335769223,0.10927709115593898,0.10927709115593898,1.0,277284.9874267578,0.9999999546558876
201,6030009760,R_Parnaiba_River,R,-7.2589802742004395,-43.27925491333008,333266.21875,434,south_america,keep,False,False,40,32.79711472904662,0.13179061066865072,0.13179061066865072,1.0,333266.22369384766,1.0000000148345298
202,6030009770,C_East_Brazil_South_Atlantic_Coast,C,-6.203597068786621,-37.89056396484375,283236.125,368,south_america,keep,False,False,32,27.830924252340388,0.08227154511131665,0.08227154511131665,1.0,283236.11755371094,0.99999997370996
203,6030011780,R_Sao_Francisco_River,R,-13.403438568115234,-43.225826263427734,644986.375,858,south_america,keep,False,False,79,63.39478741093347,0.13475866661205474,0.13475866661205474,1.0,644986.4122924805,1.0000000578190205
204,6030011790,C_South_East_Brazil_Coast,C,-16.454879760742188,-41.10375213623047,581624.125,785,south_america,keep,False,False,63,54.4661697784706,0.0722758233720297,0.0722758233720297,1.0,581624.0892944336,0.9999999386105822
205,6030014330,C_Uruguay_South_Brazil_Coast,C,-29.996868133544922,-53.76016616821289,654270.6875,977,south_america,keep,False,False,61,52.21340064216466,0.07306266345666967,0.07306266345666967,1.0,654270.6610107422,0.9999999595133049
206,6030016970,R_Parana_River,R,-22.868391036987305,-56.68667221069336,2644143.25,3720,south_america,keep,False,False,257,225.948336708002,0.06841255616791936,0.06841255616791936,1.0,2644143.431640625,1.0000000686954555
207,6030016980,C_La_Plata_Delta,C,-34.782127380371094,-58.475372314453125,20991.11328125,33,south_america,keep,True,False,6,2.9067802598598096,0.4047490774379118,0.4047490774379118,0.7725924589195907,20991.114501953125,1.0000000581533295
208,6030017370,C_North_Argentina_South_Atlantic_Coast,C,-36.31681823730469,-62.00957107543945,391633.9375,628,south_america,keep,False,False,42,36.50669267056721,0.09290858231822581,0.09290858231822581,1.0,391633.9651489258,1.0000000705989016
209,6030018850,R_Colorado_River_Argentina,R,-34.40580749511719,-67.86532592773438,403958.625,634,south_america,keep,False,False,48,38.60380639874021,0.15275070590435602,0.15275070590435602,1.0,403958.66815185547,1.0000001068224635
210,6030018860,C_Patagonia,C,-44.17690658569336,-68.73529815673828,717876.875,1302,south_america,keep,False,True,82,68.49543339686886,0.07733642082108716,0.07733642082108716,1.0,717876.8824462891,1.000000010372655
211,6030021870,C_South_Chile_South_Pacific_Coast,C,-48.886478424072266,-72.27598571777344,401330.78125,796,south_america,keep,False,False,53,40.8272687384637,0.0768555692561497,0.0768555692561497,1.0,401330.7915344238,1.0000000256258037
212,6030026140,C_North_Chile_South_Pacific_Coast,C,-30.08050537109375,-70.76556396484375,417490.5,630,south_america,keep,False,False,55,42.72662759480835,0.11855426738414268,0.11855426738414268,1.0,417490.49365234375,0.999999984795687
213,6030029280,C_Peru_Pacific_Coast,C,-11.671296119689941,-75.93858337402344,316791.9375,419,south_america,keep,False,False,41,32.62821759729478,0.137081635073379,0.137081635073379,1.0,316791.95611572266,1.0000000587632463
214,6030032290,C_Columbia_Ecuador_Pacific_Coast,C,1.4979541301727295,-78.60574340820312,225672.5625,292,south_america,keep,False,False,31,21.056465750576816,0.15263452204884545,0.15263452204884545,1.0,225672.56188964844,0.9999999972954109
215,6030040460,E_Salinas_Grande_Mar_Chiquita,E,-29.597049713134766,-65.39700317382812,308226.875,458,south_america,keep,False,False,39,30.22107836905004,0.14995609086977413,0.14995609086977413,1.0,308226.86346435547,0.9999999625741768
216,6030040470,E_La_Puna_Altiplano,E,-20.684783935546875,-68.18938446044922,328865.3125,455,south_america,keep,False,False,43,33.82678013714664,0.17446911164231316,0.17446911164231316,1.0,328865.3294067383,1.0000000514093084
217,7030000010,C_Central_American_Pacific_Coast,C,22.00570297241211,-102.5875015258789,971080.625,1363,north_america,keep,False,False,121,96.42840944771001,0.11842058249888546,0.11842058249888546,1.0,971080.6331787109,1.000000008422278
218,7030008710,R_Colorado_River_of_the_West_North_America,R,36.383766174316406,-110.81399536132812,658562.125,1059,north_america,keep,False,False,77,60.95107049781663,0.12625569653451169,0.12625569653451169,1.0,658562.1891479492,1.0000000974060712
219,7030008720,C_California_and_Baja_California,C,34.222713470458984,-117.95186614990234,489988.40625,772,north_america,keep,False,False,59,47.07224981486892,0.08578446687750246,0.08578446687750246,1.0,489988.4127807617,1.0000000133284006
220,7030014250,C_Oregon_Coast,C,43.45151901245117,-123.41675567626953,44393.984375,79,north_america,keep,True,False,11,6.024333185316017,0.3118743879976297,0.3118743879976297,1.0,44393.99102783203,1.000000149858863
221,7030014930,R_Columbia_River,R,46.08155822753906,-117.04254913330078,672088.0,1255,north_america,keep,False,False,76,62.57568993969161,0.10720247082055778,0.10720247082055778,1.0,672088.0398864746,1.0000000593471012
222,7030014940,C_South_Alaska_Coast_Frazer_River,C,53.06808853149414,-125.9711685180664,669314.1875,1449,north_america,keep,False,False,75,59.49816934863889,0.07295704951426328,0.07295704951426328,1.0,669314.212310791,1.0000000370689752
223,7030021430,C_Churchill_Seal_Rivers,C,56.805110931396484,-102.22174072265625,407489.90625,963,north_america,keep,False,False,48,37.569045519007034,0.13267755321053057,0.13267755321053057,1.0,407489.88671875,0.9999999520693649
224,7030022240,R_Saskatchewan_Nelson_Rivers,R,51.285125732421875,-102.26946258544922,1110230.125,2299,north_america,keep,False,False,124,102.86788197200022,0.09538590872020467,0.09538590872020467,1.0,1110230.203277588,1.0000000705057321
225,7030022250,C_Southwest_Hudson_Bay_Coast,C,52.69977569580078,-87.50457763671875,716985.5,1533,north_america,keep,False,False,78,65.19329736917989,0.09891207297315399,0.09891207297315399,1.0,716985.4949951172,0.9999999930195481
226,7030024600,C_East_Hudson_Bay_Coast,C,54.16206359863281,-75.62594604492188,596505.125,1330,north_america,keep,False,False,71,56.831135350452925,0.14541818867533102,0.14541818867533102,1.0,596505.1317749023,1.00000001135766
227,7030027430,C_South_Hudson_Strait_Ungava_Bay_Coast,C,57.461936950683594,-69.269775390625,395857.71875,954,north_america,keep,False,False,43,34.47502703576002,0.1412910783581493,0.1412910783581493,1.0,395857.74407958984,1.000000063986601
228,7030029460,C_Labrador_Sea_Coast,C,52.221473693847656,-60.261070251464844,543283.375,1151,north_america,keep,False,False,59,49.35039887898253,0.05320987574564384,0.05320987574564384,1.0,543283.4305114746,1.0000001021777531
229,7030033480,C_North_St_Lawrence_Seaway_Coast,C,50.233219146728516,-69.69526672363281,241012.71875,487,north_america,keep,False,False,32,24.033853276363345,0.1450016565955076,0.1450016565955076,1.0,241012.72940063477,1.0000000441911732
230,7030034520,R_Saint_Lawrence_River,R,45.42601776123047,-81.75093078613281,1057761.375,1950,north_america,keep,False,False,117,97.96613776611456,0.09020749263768149,0.09020749263768149,1.0,1057761.3110656738,0.9999999395569477
231,7030034530,C_New_Brunswick_and_Nova_Scotia_Coast,C,46.55769729614258,-65.70494842529297,229353.171875,431,north_america,keep,False,False,24,21.543775129360377,0.06634354325255613,0.06634354325255613,1.0,229353.14950561523,0.9999999024675151
232,7030038340,C_US_North_Atlantic_Coast,C,41.448856353759766,-74.28205871582031,418173.34375,722,north_america,keep,False,False,50,39.72595103054045,0.10377033407121397,0.10377033407121397,1.0,418173.37939453125,1.00000008523865
233,7030042040,C_US_East_Gulf_of_Mexico_North_Atlantic_Coast,C,32.509613037109375,-82.78253936767578,688364.1875,1056,north_america,keep,False,False,77,66.05257588735184,0.055393720617767664,0.055393720617767664,1.0,688364.2233886719,1.0000000521361694
234,7030046750,C_East_Mississippi_Delta,C,31.194225311279297,-89.92500305175781,44379.26953125,67,north_america,keep,True,False,10,6.373024602711048,0.3611458746999112,0.3611458746999112,1.0,44379.27490234375,1.000000121027088
235,7030047060,R_Mississippi_River,R,40.5298957824707,-96.48865509033203,3252721.75,5566,north_america,keep,False,False,325,292.4510460438917,0.053098866830424016,0.053098866830424016,1.0,3252721.639526367,0.999999966036556
236,7030047070,C_West_Mississippi_Delta,C,30.164155960083008,-92.04647064208984,44192.92578125,66,north_america,keep,True,False,7,6.171432903864974,0.2747966130439012,0.2747966130439012,1.0,44192.93035888672,1.0000001035830202
237,7030047840,C_Texas_Gulf_Coast,C,30.991107940673828,-98.30638122558594,470307.78125,709,north_america,keep,False,False,57,45.36806984673134,0.09302643978309522,0.09302643978309522,1.0,470307.7529296875,0.999999939783449
238,7030049270,R_Rio_Grande_Rio_Bravo,R,29.54802131652832,-104.20513153076172,849694.25,1265,north_america,keep,False,False,98,79.9591384915814,0.09908837988687343,0.09908837988687343,1.0,849694.2286987305,0.9999999749306653
239,7030049280,C_Central_America_Gulf_of_Mexico_Caribbean_Coast,C,17.823068618774414,-91.68639373779297,920594.4375,1252,north_america,keep,False,False,108,89.37582986311689,0.08047327370210568,0.08047327370210568,1.0,920594.3779296875,0.9999999352914704
240,7030065090,C_Jamaica,C,18.048606872558594,-77.4200210571289,24300.6484375,33,north_america,keep,True,False,2,1.9980396644476526,0.0,0.0,1.0,24300.64697265625,0.9999999397199727
241,7030065760,C_Cuba,C,21.595169067382812,-79.1902847290039,146156.640625,203,north_america,keep,False,False,13,12.300934516270843,0.01247312476328764,0.01247312476328764,1.0,146156.6435546875,1.000000020044847
242,7030070790,C_Hispaniola,C,18.862016677856445,-71.72332763671875,117991.921875,161,north_america,keep,False,False,10,9.956490412201184,0.01545046498620862,0.01545046498620862,1.0,117991.92138671875,0.99999999586174
243,7030072800,C_Puerto_Rico,C,18.2371883392334,-66.50350189208984,22803.220703125,31,north_america,keep,True,False,2,1.998093698388065,0.0,0.0,1.0,22803.218200683594,0.9999998902592998
244,7030073620,E_Great_Basin_Great_Salt_Lake,E,39.221473693847656,-116.19094848632812,522788.59375,873,north_america,keep,False,False,63,49.855549456360436,0.13693804591353273,0.13693804591353273,1.0,522788.6184082031,1.0000000471666817
245,8030000010,C_Aleutians_South_Alaska_Coast,C,60.5840950012207,-152.5723114013672,573790.1875,1513,north_america,keep,False,True,71,57.23176970234037,0.06828622242277825,0.06828622242277825,1.0,573790.1430969238,0.9999999226144379
246,8030005510,R_Yukon_River,R,64.30769348144531,-144.50045776367188,834606.0625,2504,north_america,keep,False,False,98,79.36733153821821,0.12486587724797059,0.12486587724797059,1.0,834606.0629882812,1.000000000585044
247,8030005520,C_Seward_Peninsula_Alaskan_North_Slope,C,67.73402404785156,-157.85121154785156,405072.3125,1391,north_america,keep,False,False,47,38.99797994327136,0.07012793328133982,0.07012793328133982,1.0,405072.3123474121,0.999999999623307
248,8030008900,C_Beaufort_Sea_Coast,C,68.83226776123047,-138.88400268554688,40808.94140625,146,north_america,keep,True,False,9,6.8252324034797525,0.33090990185956437,0.33090990185956437,1.0,40808.944885253906,1.0000000852510207
249,8030009560,R_Mackenzie_River,R,60.67934799194336,-119.4447021484375,1796235.0,4810,north_america,keep,False,False,172,147.07159241016788,0.06485601298615477,0.06485601298615477,1.0,1796235.0539855957,1.0000000300548624
250,8030009570,C_East_Beaufort_Sea_Amundsen_Gulf_Coast,C,68.54082489013672,-126.73114776611328,159576.46875,564,north_america,keep,False,False,22,15.601400635634784,0.09907505280248416,0.09907505280248416,1.0,159576.46920776367,1.0000000028686165
251,8030010700,C_Canadian_South_Arctic_Ocean_Coast,C,67.50762176513672,-99.69764709472656,668227.875,2265,north_america,keep,False,False,66,52.6955236458721,0.13595975648289266,0.13595975648289266,1.0,668227.8935394287,1.0000000277441714
252,8030016860,C_Northwest_Hudson_Bay_Coast,C,63.000892639160156,-97.51946258544922,518164.71875,1480,north_america,keep,False,False,49,40.483607130936235,0.1150447593635071,0.1150447593635071,1.0,518164.73040771484,1.000000022498087
253,8030022890,C_Banks_Island,C,72.93749237060547,-121.17345428466797,86098.78125,380,north_america,keep,True,True,11,8.356967054432701,0.08848613177472177,0.08848613177472177,1.0,86098.77920532227,0.9999999762519549
254,8030024130,C_Victoria_Island,C,70.7026596069336,-109.69364166259766,350294.0,1375,north_america,keep,False,False,33,26.924813052493036,0.11105911295962681,0.11105911295962681,1.0,350294.01359558105,1.0000000388119152
255,8030028930,C_Prince_of_Wales_Island,C,72.47266387939453,-99.33260345458984,79544.0859375,342,north_america,keep,True,False,11,7.061656497376261,0.2397343274826963,0.2397343274826963,1.0,79544.0756072998,0.9999998701323917
256,8030030130,C_Somerset_Island,C,73.13370513916016,-92.79403686523438,55200.7421875,246,north_america,keep,True,False,10,5.255548319859737,0.3000948562957221,0.3000948562957221,1.0,55200.73811340332,0.9999999261948931
257,8030030970,C_Southhampton_Coats_Islands,C,63.977989196777344,-83.69200897216797,80740.9296875,238,north_america,keep,True,False,14,8.858323482709588,0.3895426420679352,0.3895426420679352,0.9775057617340177,80740.9294128418,0.9999999965982779
258,8030032840,C_North_Baffin_Island_Coast,C,70.57732391357422,-76.80683135986328,279272.1875,1100,north_america,keep,False,False,33,23.882748035825447,0.15354839643596446,0.15354839643596446,1.0,279272.2051849365,1.0000000633250905
259,8030038870,C_South_Baffin_Island_Coast,C,66.51454162597656,-72.35203552246094,377717.78125,1239,north_america,keep,False,False,41,31.280118194199982,0.15799146068522163,0.15799146068522163,1.0,377717.78186035156,1.0000000016158932
260,8030044560,C_Melville_Prince_Patrick_Islands,C,76.13394927978516,-112.76529693603516,142082.484375,769,north_america,keep,False,False,11,10.550954942611531,0.04539442834744718,0.04539442834744718,1.0,142082.49374389648,1.0000000659398414
261,8030047650,C_Ellef_Ringnes_Bathurst_Devon_Islands,C,75.89405822753906,-94.12455749511719,225847.578125,1211,north_america,keep,False,False,23,18.12189756055706,0.12258073554019228,0.12258073554019228,1.0,225847.60098266602,1.0000001012083735
262,8030051550,C_Ellesmere_Island,C,79.81450653076172,-82.18451690673828,332661.71875,2506,north_america,keep,False,False,30,25.431284139100832,0.053212362165845364,0.053212362165845364,1.0,332661.7254180908,1.0000000200446593
